school	platform	section	field_name_verbatim	normalized_key	type	limit	required	source_url	source_type	checked_date
UQ	StudyLink Connect (Flywire)	Registration (pre-login)	Citizenship status	citizenship_status	dropdown	选项6个: Australian Citizen / New Zealand Citizen / Permanent Visa holder / Permanent Humanitarian Visa holder / Pacific Engagement Visa / International Student (none of the above)	必填	https://apply.uq.edu.au/index.cfm?event=registration.form&termsAccepted=1	live public form	2026-08-14
UQ	StudyLink Connect (Flywire)	Registration (pre-login)	My passport or official ID shows a single name only (no family name)	single_name_flag	checkbox	无限制(来源明示)	选填	https://apply.uq.edu.au/index.cfm?event=registration.form&termsAccepted=1	live public form	2026-08-14
UQ	StudyLink Connect (Flywire)	Registration (pre-login)	Given name	given_name	text	maxlength=50 (HTML) 但帮助文字写 "Maximum 30 characters." — 两者冲突,以帮助文字为准	必填	https://apply.uq.edu.au/index.cfm?event=registration.form&termsAccepted=1	live public form	2026-08-14
UQ	StudyLink Connect (Flywire)	Registration (pre-login)	Middle name	preferred_name	text	maxlength=50	选填	https://apply.uq.edu.au/index.cfm?event=registration.form&termsAccepted=1	live public form	2026-08-14
UQ	StudyLink Connect (Flywire)	Registration (pre-login)	Family name	family_name	text	maxlength=50 (HTML) 但帮助文字写 "Maximum 30 characters." — 两者冲突,以帮助文字为准	必填	https://apply.uq.edu.au/index.cfm?event=registration.form&termsAccepted=1	live public form	2026-08-14
UQ	StudyLink Connect (Flywire)	Registration (pre-login)	Email	email	text	maxlength=70	必填	https://apply.uq.edu.au/index.cfm?event=registration.form&termsAccepted=1	live public form	2026-08-14
UQ	StudyLink Connect (Flywire)	Registration (pre-login)	Confirm email	email_confirm	text	maxlength=70	必填	https://apply.uq.edu.au/index.cfm?event=registration.form&termsAccepted=1	live public form	2026-08-14
UQ	StudyLink Connect (Flywire)	Registration (pre-login)	Create password	password	text	minlength=8, maxlength=50	必填	https://apply.uq.edu.au/index.cfm?event=registration.form&termsAccepted=1	live public form	2026-08-14
UQ	StudyLink Connect (Flywire)	Registration (pre-login)	Confirm password	password_confirm	text	minlength=8, maxlength=50	必填	https://apply.uq.edu.au/index.cfm?event=registration.form&termsAccepted=1	live public form	2026-08-14
UQ	StudyLink Connect (Flywire)	Registration (pre-login)	Are you currently in Australia or do you already hold a valid Australian visa?	currently_in_australia_yn	dropdown	Yes/No	必填	https://apply.uq.edu.au/index.cfm?event=registration.form&termsAccepted=1	live public form	2026-08-14
UQ	StudyLink Connect (Flywire)	Registration (pre-login)	Are you intending on applying for a student visa?	intends_student_visa_yn	dropdown	Yes/No	必填	https://apply.uq.edu.au/index.cfm?event=registration.form&termsAccepted=1	live public form	2026-08-14
UQ	StudyLink Connect (Flywire)	Registration (pre-login)	Do you intend to apply for a Higher Degree by Research program, the Doctor of Medicine (Ochsner) program, non-award study, or a study abroad or incoming exchange program?	program_type_screener_yn	dropdown	Yes/No	必填	https://apply.uq.edu.au/index.cfm?event=registration.form&termsAccepted=1	live public form	2026-08-14
UQ	StudyLink Connect (Flywire)	Registration (pre-login)	What is your country of citizenship?	citizenship_country	dropdown	ISO 国家列表(约250项)	必填	https://apply.uq.edu.au/index.cfm?event=registration.form&termsAccepted=1	live public form	2026-08-14
UQ	StudyLink Connect (Flywire)	Registration (pre-login)	I have read and understand that any information provided will be collected and used in accordance with UQ’s Privacy Policy and UQ’s Marketing consent and privacy notice	privacy_marketing_consent	checkbox	无限制(来源明示)	未确认	https://apply.uq.edu.au/index.cfm?event=registration.form&termsAccepted=1	live public form	2026-08-14
UQ	StudyLink Connect (Flywire)	Registration (pre-login)	I have read, understand, and agree to the Flywire Terms of Use and Privacy Policy	flywire_terms_consent	checkbox	无限制(来源明示)	必填	https://apply.uq.edu.au/index.cfm?event=registration.form&termsAccepted=1	live public form	2026-08-14
UQ	StudyLink Connect (Flywire)	Registration (pre-login) — agent gate	We currently require applicants from your country of citizenship to apply using a UQ-approved agent.	agent_used_yn	radio	无限制(来源明示)	条件必填(按 country of citizenship 由 JS checkNationality() 触发;命中国籍则无法自行注册,必须由 agent 代申)	https://apply.uq.edu.au/index.cfm?event=registration.form&termsAccepted=1	live public form	2026-08-14
UQ	StudyLink Connect (Flywire)	Application form (post-login)	Personal details	family_name	text	未确认(登录墙后)	必填	https://study.uq.edu.au/admissions/postgraduate-coursework/submit-your-application	login-walled — not confirmable	2026-08-14
UQ	StudyLink Connect (Flywire)	Application form (post-login)	gender	gender	dropdown	未确认(登录墙后)	必填	https://study.uq.edu.au/admissions/postgraduate-coursework/submit-your-application	login-walled — not confirmable	2026-08-14
UQ	StudyLink Connect (Flywire)	Application form (post-login)	date of birth	date_of_birth	date	未确认(登录墙后)	必填	https://study.uq.edu.au/admissions/postgraduate-coursework/submit-your-application	login-walled — not confirmable	2026-08-14
UQ	StudyLink Connect (Flywire)	Application form (post-login)	preferred name	preferred_name	text	未确认(登录墙后)	选填	https://study.uq.edu.au/admissions/postgraduate-coursework/submit-your-application	login-walled — not confirmable	2026-08-14
UQ	StudyLink Connect (Flywire)	Application form (post-login)	Program of study	course_preference_1	dropdown	未确认(登录墙后)	必填	https://study.uq.edu.au/admissions/postgraduate-coursework/submit-your-application	official how-to-apply page	2026-08-14
UQ	StudyLink Connect (Flywire)	Application form (post-login)	You can also add up to 2 other preferences	course_preference_2	dropdown	最多再加 2 个志愿(合计 3)	选填	https://study.uq.edu.au/admissions/postgraduate-coursework/submit-your-application	official how-to-apply page	2026-08-14
UQ	StudyLink Connect (Flywire)	Application form (post-login)	start date / intake semester	intake_term	dropdown	未确认(登录墙后)	必填	https://study.uq.edu.au/admissions/postgraduate-coursework/submit-your-application	login-walled — not confirmable	2026-08-14
UQ	StudyLink Connect (Flywire)	Application form (post-login)	specific major or field of study	study_mode	dropdown	未确认(登录墙后)	条件必填(部分项目必选;申请学分抵免也必选)	https://study.uq.edu.au/admissions/postgraduate-coursework/submit-your-application	login-walled — not confirmable	2026-08-14
UQ	StudyLink Connect (Flywire)	Application form (post-login)	Previous study	institution_name	repeatable-group	未确认(登录墙后)	必填	https://study.uq.edu.au/admissions/postgraduate-coursework/submit-your-application	official how-to-apply page	2026-08-14
UQ	StudyLink Connect (Flywire)	Application form (post-login)	certified copies of complete academic transcripts	transcript_upload	file	格式建议 PDF ("Upload documents as PDFs to reduce their file size");单文件 MB 上限 未确认(登录墙后)	必填(非 UQ 学历)	https://study.uq.edu.au/admissions/postgraduate-coursework/submit-your-application	official how-to-apply page	2026-08-14
UQ	StudyLink Connect (Flywire)	Application form (post-login)	award certificate or testamur	degree_certificate_upload	file	未确认(登录墙后)	条件必填(成绩单未载明学位名称与授予日期时)	https://study.uq.edu.au/admissions/postgraduate-coursework/submit-your-application	official how-to-apply page	2026-08-14
UQ	StudyLink Connect (Flywire)	Application form (post-login)	share your transcripts online via My eQuals	transcript_delivery_method	dropdown	无限制(来源明示)	条件必填(此前在澳/新读书者可选此途径替代上传)	https://study.uq.edu.au/admissions/postgraduate-coursework/submit-your-application	official how-to-apply page	2026-08-14
UQ	StudyLink Connect (Flywire)	Application form (post-login)	a copy of your passport or national ID card	passport_scan	file	未确认(登录墙后)	必填	https://study.uq.edu.au/admissions/postgraduate-coursework/submit-your-application	official how-to-apply page	2026-08-14
UQ	StudyLink Connect (Flywire)	Application form (post-login)	documentation demonstrating your English language proficiency	english_test_report_upload	file	未确认(登录墙后)	必填	https://study.uq.edu.au/admissions/postgraduate-coursework/submit-your-application	official how-to-apply page	2026-08-14
UQ	StudyLink Connect (Flywire)	Application form (post-login)	you would like to apply for an English language pathway package	english_pathway_package_yn	checkbox	无限制(来源明示)	选填	https://study.uq.edu.au/admissions/postgraduate-coursework/submit-your-application	official how-to-apply page	2026-08-14
UQ	StudyLink Connect (Flywire)	Application form (post-login)	you want to arrange your Overseas Student Health Cover through UQ	oshc_selection	checkbox	无限制(来源明示)	选填(申请阶段勾选意向;实际支付在接受 offer 阶段)	https://study.uq.edu.au/admissions/postgraduate-coursework/submit-your-application	official how-to-apply page	2026-08-14
UQ	StudyLink Connect (Flywire)	Application form (post-login)	be assessed for credit or exemptions	credit_request_yn	radio	未确认(登录墙后)	选填	https://study.uq.edu.au/admissions/postgraduate-coursework/submit-your-application	official how-to-apply page	2026-08-14
UQ	StudyLink Connect (Flywire)	Submit	A$150 fee for each application you submit	application_fee_payment	text	A$150 每份申请,不可退	必填	https://study.uq.edu.au/admissions/postgraduate-coursework/submit-your-application	official how-to-apply page	2026-08-14
UQ	StudyLink Connect (Flywire)	After submission (portal)	provide referee details	referee_details	repeatable-group	未确认(登录墙后) — 字段结构与是否触发系统邮件均无法从公开页确认	未确认(授课型硕士 checklist 未列推荐信;此功能在 portal 中存在)	https://study.uq.edu.au/admissions/postgraduate-coursework/submit-your-application	official how-to-apply page	2026-08-14
UQ	StudyLink Connect (Flywire)	After submission (portal)	upload documentation	transcript_upload	file	未确认(登录墙后)	选填	https://study.uq.edu.au/admissions/postgraduate-coursework/submit-your-application	official how-to-apply page	2026-08-14
UQ	StudyLink Connect (Flywire)	Offer acceptance	pay your Overseas Student Health Cover (if you’re organising this through UQ)	oshc_selection	text	无限制(来源明示)	条件必填(选择由 UQ 代办 OSHC 时)	https://study.uq.edu.au/admissions/postgraduate-coursework/respond-your-offer	official how-to-apply page	2026-08-14
UQ	StudyLink Connect (Flywire)	Offer acceptance	UQ will issue your Confirmation of Enrolment (CoE)	coe_confirmation_of_enrolment	text	无限制(来源明示) — 由校方签发,非申请人填写字段	条件必填(非申请人填写字段——由校方在接受 offer 并完成付费后签发,申请阶段无此输入框)	https://study.uq.edu.au/sites/default/files/2023-05/international-guide-undergraduate-postgraduate.pdf	official PDF application guide	2026-08-14
UNSW	StudyLink Connect (Flywire)	Registration (pre-login)	You may not register on this portal.	password	text	无 — 直接 GET registration.form 返回此拒绝信息;UNSW 登录走 /sso/saml.cfm (SAML SSO)。FAQ 则称首页有 ‘Register Now’,两处说法不一致	未确认	https://apply.unsw.edu.au/index.cfm?event=registration.form&termsAccepted=1	live public form	2026-08-14
UNSW	StudyLink Connect (Flywire)	Application form (post-login)	you may include up to three programs in your preferences	course_preference_1	dropdown	最多 3 个专业志愿,同一时间只能有一份 in-flight 申请	必填	https://www.unsw.edu.au/study/how-to-apply/apply-online-faqs	official how-to-apply page	2026-08-14
UNSW	StudyLink Connect (Flywire)	Application form (post-login)	Are you seeking credit for any of the above studies?	credit_request_yn	radio	无限制(来源明示)	选填	https://www.unsw.edu.au/study/how-to-apply/apply-online-faqs	official how-to-apply page	2026-08-14
UNSW	StudyLink Connect (Flywire)	Application form (post-login)	detailed course outlines	credit_advanced_standing_request	file	未确认(登录墙后)	条件必填(本科申请且申请学分抵免时)	https://www.unsw.edu.au/study/how-to-apply/apply-online-faqs	official how-to-apply page	2026-08-14
UNSW	StudyLink Connect (Flywire)	Application form (post-login)	supporting documents	transcript_upload	file	PDF / JPG / TIF,单文件最大 10Mb	必填	https://my.unsw.edu.au/apply/doc_attachment_guidelines.html	official checklist	2026-08-14
UNSW	StudyLink Connect (Flywire)	Application form (post-login)	a complete English translation	translation_upload	file	PDF / JPG / TIF,单文件最大 10Mb	条件必填(文件非英文时)	https://my.unsw.edu.au/apply/doc_attachment_guidelines.html	official checklist	2026-08-14
UNSW	StudyLink Connect (Flywire)	Application form (post-login)	Copies of recognised undergraduate degree, showing all grades and proof of completion/degree awarded	transcript_upload	file	PDF / JPG / TIF,单文件最大 10Mb	必填	https://www.unsw.edu.au/business/our-schools/agsm/learn-with-us/agsm-programs/how-to-apply	official checklist	2026-08-14
UNSW	StudyLink Connect (Flywire)	Application form (post-login)	semester breakdown mark sheets	transcript_upload	file	PDF / JPG / TIF,单文件最大 10Mb	条件必填(持印度学历者)	https://www.unsw.edu.au/business/our-schools/agsm/learn-with-us/agsm-programs/how-to-apply	official checklist	2026-08-14
UNSW	StudyLink Connect (Flywire)	Application form (post-login)	Proof of identity	proof_of_identity_upload	file	PDF / JPG / TIF,单文件最大 10Mb	必填	https://www.unsw.edu.au/business/our-schools/agsm/learn-with-us/agsm-programs/how-to-apply	official checklist	2026-08-14
UNSW	StudyLink Connect (Flywire)	Application form (post-login)	application fee	application_fee_payment	text	AUD $150,仅限信用卡,不可退;国际研究型/UNSW Global Diploma/UNSW Canberra 项目免收	条件必填(授课型硕士国际生 必填)	https://www.unsw.edu.au/study/how-to-apply/apply-online-faqs	official how-to-apply page	2026-08-14
UNSW	StudyLink Connect (Flywire)	Application form (post-login) — agent	Can I authorise someone else to apply on my behalf? No. You must personally complete the application to study at UNSW.	agent_used_yn	radio	无限制(来源明示) — 明文禁止他人代填,但认可 recognised agents 协助	未确认(公开页未见 agent code 字段)	https://www.unsw.edu.au/study/how-to-apply/apply-online-faqs	official how-to-apply page	2026-08-14
UNSW	StudyLink Connect (Flywire)	GS (post-offer)	Genuine Student (GS) Declaration	genuine_student_declaration	file	下载 PDF 表格线下填写后上传;字数上限 未确认(登录墙后)	条件必填(收到 full/conditional offer 且被通知需做 GS check 时)	https://www.unsw.edu.au/study/how-to-apply/international/gs-requirement	official how-to-apply page	2026-08-14
UNSW	StudyLink Connect (Flywire)	GS (post-offer)	Genuine Student (GS) Assessment and Financial Declaration	genuine_student_declaration	file	印度/巴基斯坦本国居住者、及非洲(南非除外)国籍且居于非洲者改用此表;字数上限 未确认(登录墙后)	条件必填(按国籍+居住地)	https://www.unsw.edu.au/study/how-to-apply/international/gs-requirement	official how-to-apply page	2026-08-14
UNSW	StudyLink Connect (Flywire)	GS (post-offer)	financial documentation	financial_capacity_evidence	file	未确认(登录墙后)	条件必填(GS check 被触发时)	https://www.unsw.edu.au/study/how-to-apply/international/gs-requirement	official how-to-apply page	2026-08-14
UNSW	StudyLink Connect (Flywire)	GS (post-offer)	personal statements (where applicable)	genuine_student_statement	textarea	未确认(登录墙后)	条件必填(GS check 被触发时)	https://www.unsw.edu.au/study/how-to-apply/international/gs-requirement	official how-to-apply page	2026-08-14
UNSW	StudyLink Connect (Flywire)	GS (post-offer)	student interviews	video_interview	text	face-to-face interview,由 agent/regional manager 执行	条件必填(GS check 被触发时)	https://www.unsw.edu.au/study/how-to-apply/international/gs-requirement	official how-to-apply page	2026-08-14
UNSW	StudyLink Connect (Flywire)	GS (post-offer) — agent	If you are applying direct, you’ll need to send your declaration form to a registered UNSW agent or UNSW regional manager to complete.	agent_name	text	无限制(来源明示)	条件必填(直申者做 GS check 时仍须经 agent 或 regional manager 会签)	https://www.unsw.edu.au/study/how-to-apply/international/gs-requirement	official how-to-apply page	2026-08-14
UNSW	StudyLink Connect (Flywire)	MBA 例外 (AGSM, coursework master)	Referee reports	referee_report_upload	file	两封;申请人自行把表格转发给推荐人、收回签名件后由申请人上传;无系统发信邀请	必填(AGSM MBA)	https://www.unsw.edu.au/business/our-schools/agsm/learn-with-us/agsm-programs/how-to-apply	official checklist	2026-08-14
UNSW	StudyLink Connect (Flywire)	MBA 例外 (AGSM, coursework master)	Referee details: Name, Title, Organisation, Work phone, Email, Address	referee_details	repeatable-group	每位推荐人 6 个字段;未要求机构邮箱(来源未提及)	必填(AGSM MBA)	https://www.unsw.edu.au/business/our-schools/agsm/learn-with-us/agsm-programs/how-to-apply	official checklist	2026-08-14
UNSW	StudyLink Connect (Flywire)	MBA 例外 (AGSM, coursework master)	What is your motivation for studying the MBA Full-time at AGSM?	personal_statement	textarea	approx. 250 words	必填(AGSM MBA)	https://www.unsw.edu.au/business/our-schools/agsm/learn-with-us/agsm-programs/how-to-apply	official checklist	2026-08-14
UNSW	StudyLink Connect (Flywire)	MBA 例外 (AGSM, coursework master)	How will you contribute to your classes and to the AGSM community?	personal_statement	textarea	approx. 250 words	必填(AGSM MBA)	https://www.unsw.edu.au/business/our-schools/agsm/learn-with-us/agsm-programs/how-to-apply	official checklist	2026-08-14
UNSW	StudyLink Connect (Flywire)	MBA 例外 (AGSM, coursework master)	(Optional Question) Is there anything else you would like to share with the Admissions Committee?	personal_statement	textarea	未确认(来源未给字数)	选填(AGSM MBA)	https://www.unsw.edu.au/business/our-schools/agsm/learn-with-us/agsm-programs/how-to-apply	official checklist	2026-08-14
UNSW	StudyLink Connect (Flywire)	MBA 例外 (AGSM, coursework master)	GMAT or GRE	gmat_gre_score	text	成绩 5 年有效	条件必填(以考试成绩证明学术能力时)	https://www.unsw.edu.au/business/our-schools/agsm/learn-with-us/agsm-programs/how-to-apply	official checklist	2026-08-14
UNSW	StudyLink Connect (Flywire)	MBA 例外 (AGSM, coursework master)	short video Interview	video_interview	file	提交完整申请后 3 天内收到链接;仅入围者需完成	条件必填(被 shortlist 后)	https://www.unsw.edu.au/business/our-schools/agsm/learn-with-us/agsm-programs/how-to-apply	official checklist	2026-08-14
UNSW	StudyLink Connect (Flywire)	Research 例外 (非 coursework)	contact details for up to two academic or professional referees	referee_details	repeatable-group	最多 2 位;仅 Research program 要求	必填(Research program 才要;授课型硕士不要)	https://www.unsw.edu.au/study/how-to-apply/apply-online-faqs	official how-to-apply page	2026-08-14
Melbourne	TechnologyOne eStudent (T1 Cloud)	Login (pre-login)	Student ID	existing_student_id	text	未确认(来源未给上限)	条件必填(此前申请过或已是墨大学生)	https://prod.ss.unimelb.edu.au/student/SM/eApplications/eAppLogin.aspx?r=&f=%23UM.EAP.CI2LOGIN.WEB	live public form	2026-08-14
Melbourne	TechnologyOne eStudent (T1 Cloud)	Login (pre-login)	Password	password	text	未确认(来源未给上限)	条件必填(老用户登录)	https://prod.ss.unimelb.edu.au/student/SM/eApplications/eAppLogin.aspx?r=&f=%23UM.EAP.CI2LOGIN.WEB	live public form	2026-08-14
Melbourne	TechnologyOne eStudent (T1 Cloud)	Registration (post-login)	Complete the registration form with personal details and educational background	family_name	text	未确认(登录墙后)	必填	https://study.unimelb.edu.au/how-to-apply/your-online-application	login-walled — not confirmable	2026-08-14
Melbourne	TechnologyOne eStudent (T1 Cloud)	Application form (post-login)	course preferences	course_preference_1	dropdown	国际研究生页写 "up to 3 courses";通用在线申请页写 "up to four preferences" — 两页数字冲突	必填	https://study.unimelb.edu.au/how-to-apply/graduate-coursework-study/international-applications/applications	official how-to-apply page	2026-08-14
Melbourne	TechnologyOne eStudent (T1 Cloud)	Application form (post-login)	academic transcripts	transcript_upload	file	未确认(登录墙后)	必填(有大学学历者)	https://study.unimelb.edu.au/how-to-apply/your-online-application	official checklist	2026-08-14
Melbourne	TechnologyOne eStudent (T1 Cloud)	Application form (post-login)	grading scale or equivalent documentation	grading_scale_upload	file	未确认(登录墙后)	条件必填(成绩单未清楚说明评分体系时)	https://study.unimelb.edu.au/how-to-apply/your-online-application	official checklist	2026-08-14
Melbourne	TechnologyOne eStudent (T1 Cloud)	Application form (post-login)	an official translation in addition to the original document	translation_upload	file	须 NAATI 认证 Professional Translator;每页须有译者签名、翻译日期、认证信息/机构印章;申请人自译不接受	条件必填(文件非英文时)	https://study.unimelb.edu.au/how-to-apply/your-online-application	official checklist	2026-08-14
Melbourne	TechnologyOne eStudent (T1 Cloud)	Application form (post-login)	a clear, scanned colour copy of your passport	passport_scan	file	须彩色扫描件;MB 上限 未确认(登录墙后)	必填	https://study.unimelb.edu.au/how-to-apply/your-online-application	official checklist	2026-08-14
Melbourne	TechnologyOne eStudent (T1 Cloud)	Application form (post-login)	proof of English language proficiency	english_test_report_upload	file	未确认(登录墙后)	必填(可在提交申请后补交)	https://study.unimelb.edu.au/how-to-apply/your-online-application	official checklist	2026-08-14
Melbourne	TechnologyOne eStudent (T1 Cloud)	Application form (post-login)	personal statements, portfolios or results from aptitude tests	personal_statement	textarea	未确认(登录墙后)	条件必填(按课程 entry requirements)	https://study.unimelb.edu.au/how-to-apply/your-online-application	official checklist	2026-08-14
Melbourne	TechnologyOne eStudent (T1 Cloud)	Application form (post-login)	how you would like to provide your transcript	transcript_delivery_method	dropdown	选项含 My eQuals / Digitary VIA / Parchment / National Student Clearinghouse / Upload	必填	https://study.unimelb.edu.au/how-to-apply/your-online-application	official how-to-apply page	2026-08-14
Melbourne	TechnologyOne eStudent (T1 Cloud)	Application form (post-login)	share link (My eQuals)	credential_verification_id	text	须设 Recipient=Open access, Access PIN=None, Expiry=Does not expire	条件必填(选择 My eQuals 途径时)	https://study.unimelb.edu.au/how-to-apply/your-online-application	official how-to-apply page	2026-08-14
Melbourne	TechnologyOne eStudent (T1 Cloud)	Application form (post-login)	Parchment Delivery ID (DID)	credential_verification_id	text	未确认(来源未给上限)	条件必填(美国学历选择 Parchment 时)	https://study.unimelb.edu.au/how-to-apply/your-online-application	official how-to-apply page	2026-08-14
Melbourne	TechnologyOne eStudent (T1 Cloud)	Application form (post-login)	Genuine Student declaration	genuine_student_declaration	file	2026-07-16 起为在线申请的 mandatory component;表格在 portal 内提供,可下载填写后上传;内容含 immigration history / 资金来源 / 选择该课程的原因	必填(国际生,2026-07-16 起)	https://study.unimelb.edu.au/how-to-apply/genuine-student-requirement	official how-to-apply page	2026-08-14
Melbourne	TechnologyOne eStudent (T1 Cloud)	GS (post-offer, if requested)	Genuine Student statement	genuine_student_statement	textarea	每个小问回答 Keep each response under 150 words;超出可另传附件;须英文、第一人称、有证据支撑、Not be AI-generated	条件必填(offer 附带 GS 条件且校方要求时)	https://study.unimelb.edu.au/how-to-apply/genuine-student-requirement	official how-to-apply page	2026-08-14
Melbourne	TechnologyOne eStudent (T1 Cloud)	GS (post-offer, if requested)	Provide details of your current circumstances, including ties to family, community, employment and your financial situation.	gs_immigration_history	textarea	under 150 words	条件必填(被要求提交 GS statement 时)	https://study.unimelb.edu.au/how-to-apply/genuine-student-requirement	official how-to-apply page	2026-08-14
Melbourne	TechnologyOne eStudent (T1 Cloud)	GS (post-offer, if requested)	Explain why you want to study this course in Australia, and why you chose the University of Melbourne.	gs_reason_for_course	textarea	under 150 words	条件必填(被要求提交 GS statement 时)	https://study.unimelb.edu.au/how-to-apply/genuine-student-requirement	official how-to-apply page	2026-08-14
Melbourne	TechnologyOne eStudent (T1 Cloud)	GS (post-offer, if requested)	Explain how completing the course will benefit you.	gs_reason_for_course	textarea	under 150 words	条件必填(被要求提交 GS statement 时)	https://study.unimelb.edu.au/how-to-apply/genuine-student-requirement	official how-to-apply page	2026-08-14
Melbourne	TechnologyOne eStudent (T1 Cloud)	GS (post-offer, if requested)	Add any other relevant information you’d like us to consider.	gs_funding_source	textarea	under 150 words	选填(被要求提交 GS statement 时)	https://study.unimelb.edu.au/how-to-apply/genuine-student-requirement	official how-to-apply page	2026-08-14
Melbourne	TechnologyOne eStudent (T1 Cloud)	GS (post-offer, if requested)	video interview	video_interview	text	受邀则必须出席	条件必填(校方发出邀请时)	https://study.unimelb.edu.au/how-to-apply/genuine-student-requirement	official how-to-apply page	2026-08-14
Melbourne	TechnologyOne eStudent (T1 Cloud)	Agent	Education agent nomination and authorisation form	agent_nomination_form	file	须由申请人本人(不是 agent)填写,随课程申请一并提交;同一时间只能被一家 authorised agent 代理	条件必填(使用 agent 时必填;最近就读地为 巴基斯坦(所有研究生)/印度(所有在印完成高等教育者) 则强制必须走 agent)	https://study.unimelb.edu.au/how-to-apply/authorised-education-agent	official how-to-apply page	2026-08-14
Melbourne	TechnologyOne eStudent (T1 Cloud)	Submit	non-refundable application fee of AUD $154	application_fee_payment	text	AUD $154 每份申请;提交流程末端信用卡支付	必填(国际生,除豁免情形)	https://study.unimelb.edu.au/how-to-apply/your-online-application	official how-to-apply page	2026-08-14
Melbourne	TechnologyOne eStudent (T1 Cloud)	Previous study — China	Online Verification Report of Higher Education Qualification Certificate	credential_verification_id	file	经 CSSD(原 CHESICC)通过 My eQuals 投递;或改由 authorised education agent 认证	条件必填(最近在中国就读者,三份报告之一)	https://study.unimelb.edu.au/how-to-apply/your-online-application	official how-to-apply page	2026-08-14
Melbourne	TechnologyOne eStudent (T1 Cloud)	Previous study — China	Verification Report of China Higher Education Student’s Academic Transcript	credential_verification_id	file	同上	条件必填(最近在中国就读者,三份报告之一)	https://study.unimelb.edu.au/how-to-apply/your-online-application	official how-to-apply page	2026-08-14
Melbourne	TechnologyOne eStudent (T1 Cloud)	Previous study — China	China Higher Education Degree Certificate Information/OR Online Verification Report of Higher Education Degree Certificate	credential_verification_id	file	同上	条件必填(最近在中国就读者,三份报告之一)	https://study.unimelb.edu.au/how-to-apply/your-online-application	official how-to-apply page	2026-08-14
Melbourne	TechnologyOne eStudent (T1 Cloud)	Previous study — India	individual marksheets for each semester of study completed	transcript_upload	file	若院校只出 consolidated transcript,须另附院校声明(无挂科/无扣分)	条件必填(在印度完成高等教育者)	https://study.unimelb.edu.au/how-to-apply/your-online-application	official how-to-apply page	2026-08-14
Adelaide University	StudyLink Connect (Flywire)	Registration (pre-login)	Citizenship Status	citizenship_status	dropdown	国际生品牌下仅一个选项: International student applying to study in Australia	必填	https://student-adelaideuni.studylink.com/index.cfm?event=registration.form&termsAccepted=1&brand=ADELAIDEUNI&custInstID=ADELAIDEUNI	live public form	2026-08-14
Adelaide University	StudyLink Connect (Flywire)	Registration (pre-login)	I only have one Legal name on my passport and/or travel document	single_name_flag	checkbox	无限制(来源明示)	选填	https://student-adelaideuni.studylink.com/index.cfm?event=registration.form&termsAccepted=1&brand=ADELAIDEUNI&custInstID=ADELAIDEUNI	live public form	2026-08-14
Adelaide University	StudyLink Connect (Flywire)	Registration (pre-login)	Legal First Name	given_name	text	maxlength=50	必填	https://student-adelaideuni.studylink.com/index.cfm?event=registration.form&termsAccepted=1&brand=ADELAIDEUNI&custInstID=ADELAIDEUNI	live public form	2026-08-14
Adelaide University	StudyLink Connect (Flywire)	Registration (pre-login)	Legal Last Name	family_name	text	maxlength=50	必填	https://student-adelaideuni.studylink.com/index.cfm?event=registration.form&termsAccepted=1&brand=ADELAIDEUNI&custInstID=ADELAIDEUNI	live public form	2026-08-14
Adelaide University	StudyLink Connect (Flywire)	Registration (pre-login)	Email	email	text	maxlength=70	必填	https://student-adelaideuni.studylink.com/index.cfm?event=registration.form&termsAccepted=1&brand=ADELAIDEUNI&custInstID=ADELAIDEUNI	live public form	2026-08-14
Adelaide University	StudyLink Connect (Flywire)	Registration (pre-login)	Confirm email	email_confirm	text	maxlength=70	必填	https://student-adelaideuni.studylink.com/index.cfm?event=registration.form&termsAccepted=1&brand=ADELAIDEUNI&custInstID=ADELAIDEUNI	live public form	2026-08-14
Adelaide University	StudyLink Connect (Flywire)	Registration (pre-login)	Create password	password	text	minlength=8, maxlength=50	必填	https://student-adelaideuni.studylink.com/index.cfm?event=registration.form&termsAccepted=1&brand=ADELAIDEUNI&custInstID=ADELAIDEUNI	live public form	2026-08-14
Adelaide University	StudyLink Connect (Flywire)	Registration (pre-login)	Confirm password	password_confirm	text	minlength=8, maxlength=50	必填	https://student-adelaideuni.studylink.com/index.cfm?event=registration.form&termsAccepted=1&brand=ADELAIDEUNI&custInstID=ADELAIDEUNI	live public form	2026-08-14
Adelaide University	StudyLink Connect (Flywire)	Registration (pre-login)	Are you a current or former student of the University of Adelaide or the University of South Australia?	prior_student_of_institution_yn	dropdown	Yes/No	必填	https://student-adelaideuni.studylink.com/index.cfm?event=registration.form&termsAccepted=1&brand=ADELAIDEUNI&custInstID=ADELAIDEUNI	live public form	2026-08-14
Adelaide University	StudyLink Connect (Flywire)	Registration (pre-login)	Please enter your University of South Australia or University of Adelaide Student ID	existing_student_id	text	未确认(HTML 未设 maxlength)	条件必填(上一题选 Yes)	https://student-adelaideuni.studylink.com/index.cfm?event=registration.form&termsAccepted=1&brand=ADELAIDEUNI&custInstID=ADELAIDEUNI	live public form	2026-08-14
Adelaide University	StudyLink Connect (Flywire)	Registration (pre-login)	Citizenship	citizenship_country	dropdown	ISO 国家列表	必填	https://student-adelaideuni.studylink.com/index.cfm?event=registration.form&termsAccepted=1&brand=ADELAIDEUNI&custInstID=ADELAIDEUNI	live public form	2026-08-14
Adelaide University	StudyLink Connect (Flywire)	Registration (pre-login)	I have read, understand, and agree to the Flywire Terms of Use and Privacy Policy	flywire_terms_consent	checkbox	无限制(来源明示)	必填	https://student-adelaideuni.studylink.com/index.cfm?event=registration.form&termsAccepted=1&brand=ADELAIDEUNI&custInstID=ADELAIDEUNI	live public form	2026-08-14
Adelaide University	StudyLink Connect (Flywire)	Registration (pre-login) — agent gate	Please note, we require applicants from your country of citizenship to apply through a recognised representative of Adelaide University.	agent_used_yn	radio	无限制(来源明示)	条件必填(按国籍;中东/北非/撒哈拉以南非洲/南亚(孟加拉、印度、马尔代夫、尼泊尔、巴基斯坦、斯里兰卡)/菲律宾/拉美 必须经 Education Agent 申请)	https://student-adelaideuni.studylink.com/index.cfm?event=registration.form&termsAccepted=1&brand=ADELAIDEUNI&custInstID=ADELAIDEUNI	live public form	2026-08-14
Adelaide University	StudyLink Connect (Flywire)	Application form (post-login)	Certified copies of your academic transcripts and graduate certificates	transcript_upload	file	须 certified copy:每页须有 (1) 认证人/机构名称原始印章 (2) 英文 "I certify that this is a true copy of the original" 字样 (3) 原始签名 (4) 认证日期;须清晰扫描件;单文件 MB 上限 未确认(登录墙后)	必填	https://ask.adelaideuni.edu.au/app/answers/detail/a_id/4180	official checklist	2026-08-14
Adelaide University	StudyLink Connect (Flywire)	Application form (post-login)	certified translations	translation_upload	file	非英文文件须同时提供原文 certified copy + 官方英文翻译件,翻译件同样须 certified	条件必填(文件非英文时)	https://ask.adelaideuni.edu.au/app/answers/detail/a_id/4180	official checklist	2026-08-14
Adelaide University	StudyLink Connect (Flywire)	Application form (post-login)	A copy of your passport	passport_scan	file	未确认(登录墙后)	必填	https://adelaide.edu.au/study/international-students/how-to-apply/apply-now/	official checklist	2026-08-14
Adelaide University	StudyLink Connect (Flywire)	Application form (post-login)	Official English test results from IELTS, TOEFL iBT, Pearson or Cambridge CAE/CPE or another approved objective test	english_test_report_upload	file	未确认(登录墙后)	条件必填(以考试成绩证明英语能力时)	https://adelaide.edu.au/study/international-students/how-to-apply/apply-now/	official checklist	2026-08-14
Adelaide University	StudyLink Connect (Flywire)	Application form (post-login)	Professional qualifications (e.g. short courses) or professional memberships you may have	qualification_name	file	未确认(登录墙后)	选填	https://adelaide.edu.au/study/international-students/how-to-apply/apply-now/	official checklist	2026-08-14
Adelaide University	StudyLink Connect (Flywire)	Application form (post-login)	Syllabus of subjects if you wish to be considered for advanced standing (credit transfer)	credit_advanced_standing_request	file	未确认(登录墙后)	条件必填(申请学分抵免时)	https://adelaide.edu.au/study/international-students/how-to-apply/apply-now/	official checklist	2026-08-14
Adelaide University	StudyLink Connect (Flywire)	Application form (post-login)	a personal statement, portfolio, or supplementary form	personal_statement	textarea	未确认(登录墙后)	条件必填(部分项目)	https://adelaide.edu.au/study/international-students/how-to-apply/	official checklist	2026-08-14
Adelaide University	StudyLink Connect (Flywire)	Application form (post-login)	Relevant work experience — certified references from your employer, if needed	referee_report_upload	file	由申请人上传雇主出具的 certified reference;无系统发信邀请机制	条件必填(部分项目按需)	https://adelaide.edu.au/study/international-students/how-to-apply/	official checklist	2026-08-14
Adelaide University	StudyLink Connect (Flywire)	Application form (post-login)	Recognition of prior learning (RPL) form	credit_advanced_standing_request	file	未确认(登录墙后)	条件必填(申请 RPL 时)	https://adelaide.edu.au/study/international-students/how-to-apply/	official checklist	2026-08-14
Adelaide University	StudyLink Connect (Flywire)	Application form (post-login)	Details of course exclusions	credit_advanced_standing_request	text	未确认(登录墙后)	选填	https://adelaide.edu.au/study/international-students/how-to-apply/	official checklist	2026-08-14
Adelaide University	StudyLink Connect (Flywire)	Application form (post-login)	secure link generated in the My eQuals platform	transcript_delivery_method	text	走 My eQuals 安全链接则免 certified copy 要求	选填(替代 certified copy 的途径)	https://ask.adelaideuni.edu.au/app/answers/detail/a_id/4180	official checklist	2026-08-14
Adelaide University	StudyLink Connect (Flywire)	Submit	A non-refundable application fee of AUD $150	application_fee_payment	text	AUD $150 每份申请;研究学位/100% 在线/非学位项目免收	必填	https://adelaide.edu.au/study/international-students/how-to-apply/	official how-to-apply page	2026-08-14
Adelaide University	StudyLink Connect (Flywire)	Offer acceptance	signed Offer of Admission	declaration_signature	file	无限制(来源明示)	必填(接受 offer 时)	https://adelaide.edu.au/study/international-students/how-to-apply/accepting-your-offer/	official how-to-apply page	2026-08-14
Adelaide University	StudyLink Connect (Flywire)	Offer acceptance	First Tuition Payment	application_fee_payment	text	经 Flywire 支付	必填(接受 offer 时)	https://adelaide.edu.au/study/international-students/how-to-apply/accepting-your-offer/	official how-to-apply page	2026-08-14
Adelaide University	StudyLink Connect (Flywire)	Offer acceptance	Overseas Student Health Cover (OSHC)	oshc_selection	dropdown	可在 Online Application System 内向学校 preferred provider 购买,也可自行安排;非申请阶段字段	必填(接受 offer 阶段,所有国际生强制)	https://adelaide.edu.au/study/international-students/how-to-apply/accepting-your-offer/	official how-to-apply page	2026-08-14
Adelaide University	StudyLink Connect (Flywire)	Offer acceptance	Genuine Student requirements	genuine_student_declaration	file	以 conditional offer 的 condition 形式出现,非申请表内字段;具体表单 未确认(登录墙后)	条件必填(offer 条件中列出时)	https://adelaide.edu.au/study/international-students/how-to-apply/accepting-your-offer/	official how-to-apply page	2026-08-14
Adelaide University	StudyLink Connect (Flywire)	Offer acceptance	Confirmation of Enrolment (CoE)	coe_confirmation_of_enrolment	text	由校方在收到 acceptance + First Tuition Payment + OSHC 后签发,非申请人填写字段	条件必填(非申请人填写字段——由校方在接受 offer 并完成付费后签发,申请阶段无此输入框)	https://adelaide.edu.au/study/international-students/how-to-apply/accepting-your-offer/	official how-to-apply page	2026-08-14
Adelaide University	StudyLink Connect (Flywire)	Offer acceptance	Confirmation of Appropriate Accommodation and Welfare (CAAW)	accommodation_under18_nomination	file	随 CoE 一并签发	条件必填(未满 18 岁且不与父母/法定监护人/21 岁以上指定亲属同住)	https://adelaide.edu.au/study/international-students/how-to-apply/accepting-your-offer/	official how-to-apply page	2026-08-14
Melbourne	TechnologyOne eStudent (T1 Cloud)	Agent nomination form — Section A: Student details	Student ID number	existing_student_id	text	未确认(PDF 表格无字数标注)	必填(使用 agent 时)	https://study.unimelb.edu.au/__data/assets/pdf_file/0019/47071/Education-agent-nomination-form.pdf	official PDF application guide	2026-08-14
Melbourne	TechnologyOne eStudent (T1 Cloud)	Agent nomination form — Section A: Student details	Date of birth	date_of_birth	date	未确认(PDF 表格无字数标注)	必填(使用 agent 时)	https://study.unimelb.edu.au/__data/assets/pdf_file/0019/47071/Education-agent-nomination-form.pdf	official PDF application guide	2026-08-14
Melbourne	TechnologyOne eStudent (T1 Cloud)	Agent nomination form — Section A: Student details	Given name	given_name	text	未确认(PDF 表格无字数标注)	必填(使用 agent 时)	https://study.unimelb.edu.au/__data/assets/pdf_file/0019/47071/Education-agent-nomination-form.pdf	official PDF application guide	2026-08-14
Melbourne	TechnologyOne eStudent (T1 Cloud)	Agent nomination form — Section A: Student details	Family name	family_name	text	未确认(PDF 表格无字数标注)	必填(使用 agent 时)	https://study.unimelb.edu.au/__data/assets/pdf_file/0019/47071/Education-agent-nomination-form.pdf	official PDF application guide	2026-08-14
Melbourne	TechnologyOne eStudent (T1 Cloud)	Agent nomination form — Section A: Student details	Email address (your personal email)	email	text	未确认(PDF 表格无字数标注)	必填(使用 agent 时)	https://study.unimelb.edu.au/__data/assets/pdf_file/0019/47071/Education-agent-nomination-form.pdf	official PDF application guide	2026-08-14
Melbourne	TechnologyOne eStudent (T1 Cloud)	Agent nomination form — Section B: Agent details	Agent company name	agent_name	text	未确认(PDF 表格无字数标注)	必填(使用 agent 时)	https://study.unimelb.edu.au/__data/assets/pdf_file/0019/47071/Education-agent-nomination-form.pdf	official PDF application guide	2026-08-14
Melbourne	TechnologyOne eStudent (T1 Cloud)	Agent nomination form — Section B: Agent details	Agent office (city)	agent_name	text	未确认(PDF 表格无字数标注)	必填(使用 agent 时)	https://study.unimelb.edu.au/__data/assets/pdf_file/0019/47071/Education-agent-nomination-form.pdf	official PDF application guide	2026-08-14
Melbourne	TechnologyOne eStudent (T1 Cloud)	Agent nomination form — Section B: Agent details	Agent office (country)	agent_name	text	未确认(PDF 表格无字数标注)	必填(使用 agent 时)	https://study.unimelb.edu.au/__data/assets/pdf_file/0019/47071/Education-agent-nomination-form.pdf	official PDF application guide	2026-08-14
Melbourne	TechnologyOne eStudent (T1 Cloud)	Agent nomination form — Section B: Agent details	Counsellor’s name and email	agent_counsellor_contact	text	未确认(PDF 表格无字数标注) — 注意:墨大用 counsellor 姓名+邮箱定位,公开表格中未见数字 agent code	必填(使用 agent 时)	https://study.unimelb.edu.au/__data/assets/pdf_file/0019/47071/Education-agent-nomination-form.pdf	official PDF application guide	2026-08-14
Melbourne	TechnologyOne eStudent (T1 Cloud)	Agent nomination form — Section B: Agent details	I am living, working and/or studying in the country where the education agent is located. / Other (please explain):	agent_consent_declaration	radio	Other 需文字说明,字数上限 未确认	必填(使用 agent 时二选一)	https://study.unimelb.edu.au/__data/assets/pdf_file/0019/47071/Education-agent-nomination-form.pdf	official PDF application guide	2026-08-14
Melbourne	TechnologyOne eStudent (T1 Cloud)	Agent nomination form — Section C: Change of agent	Previous agent company name	agent_name	text	未确认(PDF 表格无字数标注)	条件必填(更换 agent 时)	https://study.unimelb.edu.au/__data/assets/pdf_file/0019/47071/Education-agent-nomination-form.pdf	official PDF application guide	2026-08-14
Melbourne	TechnologyOne eStudent (T1 Cloud)	Agent nomination form — Section C: Change of agent	Previous agent office (city)	agent_name	text	未确认(PDF 表格无字数标注)	条件必填(更换 agent 时)	https://study.unimelb.edu.au/__data/assets/pdf_file/0019/47071/Education-agent-nomination-form.pdf	official PDF application guide	2026-08-14
Melbourne	TechnologyOne eStudent (T1 Cloud)	Agent nomination form — Section C: Change of agent	Previous agent office (country)	agent_name	text	未确认(PDF 表格无字数标注)	条件必填(更换 agent 时)	https://study.unimelb.edu.au/__data/assets/pdf_file/0019/47071/Education-agent-nomination-form.pdf	official PDF application guide	2026-08-14
Melbourne	TechnologyOne eStudent (T1 Cloud)	Agent nomination form — Section C: Change of agent	Date you first authorised this agent	date_of_birth	date	未确认(PDF 表格无字数标注)	条件必填(更换 agent 时)	https://study.unimelb.edu.au/__data/assets/pdf_file/0019/47071/Education-agent-nomination-form.pdf	official PDF application guide	2026-08-14
Melbourne	TechnologyOne eStudent (T1 Cloud)	Agent nomination form — Section C: Change of agent	Why are you changing agent?	agent_consent_declaration	radio	三选一: 搬家 / 对原 agent 服务不满(须 specify) / Other(须说明);字数上限 未确认	条件必填(更换 agent 时)	https://study.unimelb.edu.au/__data/assets/pdf_file/0019/47071/Education-agent-nomination-form.pdf	official PDF application guide	2026-08-14
Melbourne	TechnologyOne eStudent (T1 Cloud)	Agent nomination form — Section C: Change of agent	I confirm withdrawal of my authorisation for the agent shown in SECTION C to act on my behalf.	agent_consent_declaration	checkbox	无限制(来源明示)	条件必填(更换 agent 时)	https://study.unimelb.edu.au/__data/assets/pdf_file/0019/47071/Education-agent-nomination-form.pdf	official PDF application guide	2026-08-14
Melbourne	TechnologyOne eStudent (T1 Cloud)	Agent nomination form — Section D: Declaration	I have completed the Education Agent Nomination and Authorisation form myself.	declaration_signature	checkbox	无限制(来源明示) — 明文要求由申请人本人填写,不得由 agent 代填	必填(使用 agent 时)	https://study.unimelb.edu.au/__data/assets/pdf_file/0019/47071/Education-agent-nomination-form.pdf	official PDF application guide	2026-08-14
Melbourne	TechnologyOne eStudent (T1 Cloud)	Agent nomination form — Section D: Declaration	I authorise the education agent shown in Section B to represent me in all dealings with the University of Melbourne regarding my application.	agent_consent_declaration	checkbox	无限制(来源明示)	必填(使用 agent 时)	https://study.unimelb.edu.au/__data/assets/pdf_file/0019/47071/Education-agent-nomination-form.pdf	official PDF application guide	2026-08-14
Melbourne	TechnologyOne eStudent (T1 Cloud)	Agent nomination form — Section D: Declaration	Applicant’s signature	declaration_signature	text	无限制(来源明示)	必填(使用 agent 时)	https://study.unimelb.edu.au/__data/assets/pdf_file/0019/47071/Education-agent-nomination-form.pdf	official PDF application guide	2026-08-14
Melbourne	TechnologyOne eStudent (T1 Cloud)	Agent nomination form — Section D: Declaration	Parent’s/guardian’s signature (if applicant is under 18 years old)	declaration_signature	text	无限制(来源明示)	条件必填(申请人未满 18 岁)	https://study.unimelb.edu.au/__data/assets/pdf_file/0019/47071/Education-agent-nomination-form.pdf	official PDF application guide	2026-08-14
Melbourne	TechnologyOne eStudent (T1 Cloud)	Agent nomination form — Section D: Declaration	Date	declaration_date	date	无限制(来源明示)	必填(使用 agent 时)	https://study.unimelb.edu.au/__data/assets/pdf_file/0019/47071/Education-agent-nomination-form.pdf	official PDF application guide	2026-08-14
Melbourne	TechnologyOne eStudent (T1 Cloud)	Agent nomination form — submission	Requirement - Appointment of authorised representative	agent_nomination_form	file	上传至 eApplication 系统内该 Requirement 项下;格式/MB 上限 未确认(登录墙后)	必填(使用 agent 时)	https://study.unimelb.edu.au/__data/assets/pdf_file/0019/47071/Education-agent-nomination-form.pdf	official PDF application guide	2026-08-14
Melbourne	TechnologyOne eStudent (T1 Cloud)	Document upload (post-login)	Document attachments → Upload a new file / Add another	transcript_upload	file	官方上传指引页只描述界面步骤,未给出接受格式与单文件 MB 上限 → 未确认(登录墙后)	必填	https://study.unimelb.edu.au/how-to-apply/instructions-to-upload-documents	official how-to-apply page	2026-08-14
UCL	Tribal SITS:Vision (Portico)	Portico 登录页 (pre-login)	User ID	portico_user_id	text	HTML 无 maxlength;input name 为 SITS 命名法 MUA_CODE.DUMMY.MENSYS.1(MUA=SITS 用户账号表)	必填	https://evision.ucl.ac.uk/urd/sits.urd/run/siw_ipp_lgn.login	live public form	2026-08-15
UCL	Tribal SITS:Vision (Portico)	Portico 登录页 (pre-login)	Password	password	text	HTML 无 maxlength;input name 为 PASSWORD.DUMMY.MENSYS.1	必填	https://evision.ucl.ac.uk/urd/sits.urd/run/siw_ipp_lgn.login	live public form	2026-08-15
UCL	Tribal SITS:Vision (Portico)	Portico 登录页 (pre-login)	(无公开注册表单)	registration_form_absent	text	登录页仅暴露 User ID + Password 两个可见输入,页面无 Register/Create account 链接;与澳洲 StudyLink 可公开 GET 注册表单不同——UCL 申请表全部在登录墙后	不适用	https://evision.ucl.ac.uk/urd/sits.urd/run/siw_ipp_lgn.login	live public form	2026-08-15
UCL	Tribal SITS:Vision (Portico)	Application form — Programme	Programme selection	course_preference_1	dropdown	每个 academic cycle 最多申请 2 个授课型硕士课程(原文 you can only apply to a maximum of two taught graduate courses in any academic cycle);是否同一表单内多选、抑或两份独立申请 未确认(登录墙后)	必填	https://www.ucl.ac.uk/study/prospective-students/graduate/how-apply/applying-graduate-taught-study-ucl	official how-to-apply page	2026-08-15
UCL	Tribal SITS:Vision (Portico)	Application form — Personal details	Name	family_name	text	未确认(登录墙后);官方要求 Your names are entered exactly as they appear in your passport	必填	https://www.ucl.ac.uk/study/prospective-students/graduate/how-apply/applying-graduate-taught-study-ucl	official how-to-apply page	2026-08-15
UCL	Tribal SITS:Vision (Portico)	Application form — Personal details	Name	given_name	text	未确认(登录墙后);须与护照完全一致	必填	https://www.ucl.ac.uk/study/prospective-students/graduate/how-apply/applying-graduate-taught-study-ucl	official how-to-apply page	2026-08-15
UCL	Tribal SITS:Vision (Portico)	Application form — Personal details	Contact details	contact_details	text	未确认(登录墙后)	必填	https://www.ucl.ac.uk/study/prospective-students/graduate/how-apply/applying-graduate-taught-study-ucl	official how-to-apply page	2026-08-15
UCL	Tribal SITS:Vision (Portico)	Application form — Personal details	copy of your current passport	passport_scan	file	<5MB;.pdf(首选)/.docx/.jpeg/.jpg;不得加密或设密码;无护照者可改交 Missing passport document 后补	条件必填(需要签证者)	https://www.ucl.ac.uk/study/prospective-students/graduate/how-apply/applying-graduate-taught-study-ucl	official how-to-apply page	2026-08-15
UCL	Tribal SITS:Vision (Portico)	Application form — Education	Your official transcript	transcript_upload	file	Files must be less than 5MB;Allowed file types: .pdf (preferred), .docx, .jpeg, or .jpg;不得 password-protect/encrypt;须清楚显示 姓名/院校/课程模块与成绩	必填	https://www.ucl.ac.uk/study/prospective-students/graduate/how-apply/getting-your-academic-transcript	official how-to-apply page	2026-08-15
UCL	Tribal SITS:Vision (Portico)	Application form — Education	English language and original language transcripts as two separate documents	transcript_translation_upload	file	原文件与英文翻译须作为两个独立文件分别上传(不可合并);翻译须由院校或 registered translator 出具——You must not translate the documents yourself	条件必填(成绩单非英文时)	https://www.ucl.ac.uk/study/prospective-students/graduate/how-apply/getting-your-academic-transcript	official how-to-apply page	2026-08-15
UCL	Tribal SITS:Vision (Portico)	Application form — Education	degree or diploma certificate(s)	degree_certificate_upload	file	<5MB;.pdf/.docx/.jpeg/.jpg;已毕业者 encouraged to upload(措辞为鼓励非强制)	选填(已毕业者;中国学历除外见下行)	https://www.ucl.ac.uk/study/prospective-students/graduate/how-apply/getting-your-academic-transcript	official how-to-apply page	2026-08-15
UCL	Tribal SITS:Vision (Portico)	Application form — Education	graduation certificate + official grade certificate (成绩证明)	china_grade_certificate_upload	file	中国大陆学历专属:须提供毕业证 + 成绩证明(载明 overall percentage average),且须为 issued on or after the date of graduation;在读生上传成绩证明及经院校签字盖章的英文翻译,可与翻译合并为一个文件传至 Education 页的 additional documents 区;已毕业者不需另传成绩证明	条件必填(中国大陆学历)	https://www.ucl.ac.uk/study/prospective-students/graduate/how-apply/getting-your-academic-transcript	official how-to-apply page	2026-08-15
UCL	Tribal SITS:Vision (Portico)	Application form — Education	Additional documents (Education page)	additional_documents_upload	file	<5MB;.pdf/.docx/.jpeg/.jpg	条件必填(按课程 additional requirements)	https://www.ucl.ac.uk/study/prospective-students/graduate/how-apply/getting-your-academic-transcript	official how-to-apply page	2026-08-15
UCL	Tribal SITS:Vision (Portico)	Application form — Personal statement	Personal statement (typed in form)	personal_statement	textarea	3,000-character limit, including spaces	必填	https://www.ucl.ac.uk/study/prospective-students/graduate/how-apply/writing-your-personal-statement	official how-to-apply page	2026-08-15
UCL	Tribal SITS:Vision (Portico)	Application form — Personal statement	upload it as a separate document	personal_statement_upload	file	上传版可超过 3,000 字符,但 cannot be longer than two sides of A4 paper (size 12 font and single spaced)——与表内 3000 字符是二选一的两套上限	选填(与表内输入二选一)	https://www.ucl.ac.uk/study/prospective-students/graduate/how-apply/writing-your-personal-statement	official how-to-apply page	2026-08-15
UCL	Tribal SITS:Vision (Portico)	Application form — Supporting documents	official test report form or qualification	english_test_report_upload	file	<5MB;.pdf/.docx/.jpeg/.jpg;UCL 机构代码 TOEFL 9163;不接受 TOEFL iBT MyBestScore、不接受 IELTS One Skill Retake	选填(提交时缺此件申请仍会被审理——原文 your application will still be considered)	https://www.ucl.ac.uk/study/prospective-students/graduate/how-apply/english-language-requirements	official how-to-apply page	2026-08-15
UCL	Tribal SITS:Vision (Portico)	Application form — Employment	work experience or previous employment	employment_history	repeatable-group	未确认(登录墙后);可填在 employment section 或改以 CV 上传呈现	选填	https://www.ucl.ac.uk/study/prospective-students/graduate/how-apply/applying-graduate-taught-study-ucl	official how-to-apply page	2026-08-15
UCL	Tribal SITS:Vision (Portico)	Application form — Employment	uploaded CV	cv_upload	file	<5MB;.pdf/.docx/.jpeg/.jpg	选填(除非课程 additional requirements 指定)	https://www.ucl.ac.uk/study/prospective-students/graduate/how-apply/applying-graduate-taught-study-ucl	official how-to-apply page	2026-08-15
UCL	Tribal SITS:Vision (Portico)	Application form — References	details of your referee(s)	referee_details	repeatable-group	份数由课程 prospectus 页决定(1 或 2);要求 1 份时优先 academic reference;要求 2 份时至少 1 份 academic;离开高等教育超过 4 年可改用 professional reference	条件必填(按课程要求的推荐信份数)	https://www.ucl.ac.uk/study/prospective-students/graduate/how-apply/selecting-your-references	official how-to-apply page	2026-08-15
UCL	Tribal SITS:Vision (Portico)	Application form — References	referee's academic or professional address	referee_1_email	text	必须用院校/机构邮箱,不得用私人邮箱(原文举例 john.smith@university.ac.uk 而非 johnsmith@hotmail.com);用非机构邮箱会拖慢审理。⚠️ 此字段即产品红线:填入并提交将触发系统以申请人名义向该地址发信	条件必填(课程要求推荐信时)	https://www.ucl.ac.uk/study/prospective-students/graduate/how-apply/selecting-your-references	official how-to-apply page	2026-08-15
UCL	Tribal SITS:Vision (Portico)	Application form — References	(提交动作触发的系统行为,非输入字段)	referee_invite_trigger	radio	触发时点=提交申请那一刻。原文 When you submit your application, your referee(s) will automatically be sent an email asking them to write a reference for you and submit it using a reference portal link。即 on-submit 自动发信,非手动发送、非保存即发	不适用(系统行为)	https://www.ucl.ac.uk/study/prospective-students/graduate/how-apply/selecting-your-references	official how-to-apply page	2026-08-15
UCL	Tribal SITS:Vision (Portico)	Application form — References	(学生自行上传推荐信是否允许)	reference_upload_by_student	file	明确禁止。原文 Please do not email any references as we cannot accept references from applicants。推荐信只能由推荐人经 reference portal link 提交	不允许	https://www.ucl.ac.uk/study/prospective-students/graduate/how-apply/selecting-your-references	official how-to-apply page	2026-08-15
UCL	Tribal SITS:Vision (Portico)	Applicant portal (post-submission)	resend reference requests / replace your referee(s)	reference_reminder_control	radio	提交并(如适用)付费后才拿到 applicant portal 权限;在此之前 Graduate Admissions Office 不能代为重发、改推荐人邮箱或换推荐人。自 12 月 8 日起 reference portal link 有效期 30 个自然日,过期须由申请人在 portal 内重发,重发后再给 30 天,可无限次重发直至 reference deadline	不适用(post-submission 功能)	https://www.ucl.ac.uk/study/prospective-students/graduate/how-apply/selecting-your-references	official how-to-apply page	2026-08-15
UCL	Tribal SITS:Vision (Portico)	Applicant portal (post-submission)	check the status of your reference(s)	reference_status_visible	radio	申请人可见推荐信「是否已提交」状态,但公开页未说明可见推荐信内容(推定不可见,未确认);官方明示 it is your responsibility to check references have been submitted	不适用(post-submission 功能)	https://www.ucl.ac.uk/study/prospective-students/graduate/how-apply/selecting-your-references	official how-to-apply page	2026-08-15
UCL	Tribal SITS:Vision (Portico)	Submission	application fee	application_fee_payment	radio	标准 £90;Slade School of Fine Art 全部课程 £35;Business Analytics (with Management Science) MSc / Finance MSc / Management MSc £160。均 non-refundable,含申请失败情形。提交申请时支付	必填(绝大多数授课型硕士;少数课程豁免)	https://www.ucl.ac.uk/study/prospective-students/graduate/how-apply/application-fees	official how-to-apply page	2026-08-15
UCL	Tribal SITS:Vision (Portico)	Submission	(提交后可修改范围)	post_submission_editable_fields	radio	提交后只能改 name / contact details / referees' details(如适用)/ passport details(需签证者);原文 you cannot replace or add additional documents once you have submitted your application——文件一旦提交不可替换或补传	不适用(系统约束)	https://www.ucl.ac.uk/study/prospective-students/graduate/how-apply/applying-graduate-taught-study-ucl	official how-to-apply page	2026-08-15
UCL	Tribal SITS:Vision (Portico)	Application form — Additional requirements	GRE General Test scores	gre_score	text	UCL institution code 3344;本科在英国以外院校完成者须提供;quantitative 须 ≥162(post-August 2011 分制)。仅部分课程	条件必填(部分课程,如经济学方向)	https://www.ucl.ac.uk/study/prospective-students/graduate/degree-types/courses-additional-requirements	official checklist	2026-08-15
UCL	Tribal SITS:Vision (Portico)	Application form — Additional requirements	Design portfolio	portfolio_upload	file	多个 Built Environment / 建筑设计类课程要求;明确写 should only be provided once requested by the Faculty——不在初次申请时上传,由院系另行给指引	条件必填(指定课程,且须待院系索取后再交)	https://www.ucl.ac.uk/study/prospective-students/graduate/degree-types/courses-additional-requirements	official checklist	2026-08-15
Manchester	Oracle PeopleSoft Campus Solutions	申请 portal 登录页 (pre-login)	(无公开注册/申请表单)	registration_form_absent	text	直接 GET 组件 URL 会被重定向到 /psc/apply/?cmd=login&errorPg=ckreq&languageCd=ENG,返回页 title 为 An error has occurred.,页面无任何可见 text/password 输入框、无 Register 链接。字段契约完全在登录墙后	不适用	https://pgapplication.manchester.ac.uk/psc/apply/EMPLOYEE/SA/c/CIBAA_MNU.UMOAA_LOGIN_CMP.GBL	live public form	2026-08-15
Manchester	Oracle PeopleSoft Campus Solutions	Application form — Personal details	full contact details, ie full name, date of birth, address, email address, phone number	contact_details	text	未确认(登录墙后);此列举来自 CS 系 modular 申请指引,说明该组字段是表单必填最小集	必填	https://www.cs.manchester.ac.uk/study/postgraduate-taught/how-to-apply/	official how-to-apply page	2026-08-15
Manchester	Oracle PeopleSoft Campus Solutions	Application form — Programme	the title of your chosen MSc course / course unit(s)	course_preference_1	dropdown	未确认(登录墙后);需付申请费的课程 必须每个课程分别申请并分别付费(原文 You must pay an application fee for each programme that you wish to be considered for)	必填	https://www.alliancembs.manchester.ac.uk/study/masters/how-to-apply/	official how-to-apply page	2026-08-15
Manchester	Oracle PeopleSoft Campus Solutions	Supporting documents	Statement of purpose	personal_statement_upload	file	Your statement should be no more than one page —— 以「页」计,不给字数/字符上限。⚠️ 与 UCL 的 3,000 字符 / 两页 A4 双上限完全不同计量	条件必填(AMBS 硕士);MSc Advanced Computer Science 明示不要(见冲突行)	https://www.alliancembs.manchester.ac.uk/study/masters/how-to-apply/supporting-documents/	official checklist	2026-08-15
Manchester	Oracle PeopleSoft Campus Solutions	Supporting documents	References and personal statements are not required for your application to this programme.	personal_statement_not_required	text	⚠️ 校内冲突:AMBS 的 supporting documents 页要求 statement of purpose,而 MSc Advanced Computer Science 课程页明写 References and personal statements are not required。曼大是院系各自设要求,不存在全校统一材料清单——产品不能按「学校」建库,必须按「学校×院系(甚至×课程)」建库	不适用(课程级豁免)	https://www.manchester.ac.uk/study/masters/courses/list/09705/msc-advanced-computer-science/	official how-to-apply page	2026-08-15
Manchester	Oracle PeopleSoft Campus Solutions	Supporting documents	official transcript	transcript_upload	file	须含 the modules and grades that you have obtained to date;在读生也须交最新成绩单;单文件大小/格式上限 未确认(公开页未给)	必填	https://www.alliancembs.manchester.ac.uk/study/masters/how-to-apply/supporting-documents/	official checklist	2026-08-15
Manchester	Oracle PeopleSoft Campus Solutions	Supporting documents	degree certificate + final degree transcript	degree_certificate_upload	file	已毕业者必交;final transcript 须 confirming the title of your award, your final grade and date of completion	条件必填(已毕业者)	https://www.alliancembs.manchester.ac.uk/study/masters/how-to-apply/supporting-documents/	official checklist	2026-08-15
Manchester	Oracle PeopleSoft Campus Solutions	Supporting documents	official certified translation	transcript_translation_upload	file	学位证与成绩单非英文时须附 official certified translation(公开页未指定须由哪类机构出具,亦未禁止本人翻译——与 UCL 的 You must not translate the documents yourself 形成对比)	条件必填(材料非英文时)	https://www.alliancembs.manchester.ac.uk/study/masters/how-to-apply/supporting-documents/	official checklist	2026-08-15
Manchester	Oracle PeopleSoft Campus Solutions	Supporting documents	(是否需要原件/认证件)	certified_copy_not_required_at_application	file	申请阶段明确不要原件:You do not need to send original copies of your degree certificate and transcripts during the application process。录取后 9 月注册时才带原件。与澳洲部分校要求申请阶段就交 certified copy 相反	不适用(申请阶段免除)	https://www.alliancembs.manchester.ac.uk/study/masters/how-to-apply/supporting-documents/	official checklist	2026-08-15
Manchester	Oracle PeopleSoft Campus Solutions	Supporting documents	Each supporting document should be uploaded separately and not combined into one document	upload_separate_files_rule	file	禁止把多份材料合并成一个 PDF 上传	不适用(上传规则)	https://www.alliancembs.manchester.ac.uk/study/masters/how-to-apply/supporting-documents/	official checklist	2026-08-15
Manchester	Oracle PeopleSoft Campus Solutions	Supporting documents	provide a relevant title for each document which clearly states what that file contains	file_naming_requirement	file	⚠️ 本次三国调研中**唯一**明文提出文件命名/标题要求的学校。要求每个上传文件带一个清楚说明其内容的标题。原文另加一句 refrain from uploading any irrelevant documents not requested	必填(上传时)	https://www.alliancembs.manchester.ac.uk/study/masters/how-to-apply/supporting-documents/	official checklist	2026-08-15
Manchester	Oracle PeopleSoft Campus Solutions	Supporting documents (post-submission)	email any outstanding documents to pgadmissions.ambs@manchester.ac.uk	late_document_email_route	file	已提交申请后补件走邮箱,须在邮件内写明 ID number 以便与申请匹配。与 UCL「提交后不得替换或补传文件」相反	条件必填(提交后仍缺件时)	https://www.alliancembs.manchester.ac.uk/study/masters/how-to-apply/supporting-documents/	official checklist	2026-08-15
Manchester	Oracle PeopleSoft Campus Solutions	References	Academic references (AMBS)	referee_details	repeatable-group	AMBS 授课硕士:提交申请时不需要推荐信。原文 When you complete your online application, you are not required to submit an academic reference. After an initial assessment of your application, we may contact you to request an academic reference so please keep a lookout for a reference request email	选填(申请时不需要;初审后校方可能来函索取)	https://www.alliancembs.manchester.ac.uk/study/masters/how-to-apply/supporting-documents/	official checklist	2026-08-15
Manchester	Oracle PeopleSoft Campus Solutions	References	(发信方向)	referee_invite_trigger	radio	⚠️ 与 UCL 相反:AMBS 是**校方发信给申请人**索取推荐信(reference request email 收件人是学生本人),公开页未描述任何「系统发信给推荐人」的机制。因此 AMBS 路径上不存在 UCL 那条红线,但也意味着推荐信由学生自行取得后交付	不适用(系统行为)	https://www.alliancembs.manchester.ac.uk/study/masters/how-to-apply/supporting-documents/	official checklist	2026-08-15
Manchester	Oracle PeopleSoft Campus Solutions	References	academic references — for a full-time MSc we require two academic references	referee_details_cs	repeatable-group	⚠️ 与上面 AMBS 及 ACS 课程页三方冲突:CS 系 how-to-apply 页写全日制 MSc 需 2 封学术推荐信;modular 申请者若毕业满 2 年,1 封 industrial reference 即可。三处口径不一致,未能解决——产品须按课程逐条建库,不可取任一处为全校口径	条件必填(CS 系全日制 MSc:2 封)	https://www.cs.manchester.ac.uk/study/postgraduate-taught/how-to-apply/	official how-to-apply page	2026-08-15
Manchester	Oracle PeopleSoft Campus Solutions	References	references can be emailed separately if preferred	reference_upload_by_student	file	CS 系允许推荐信另行邮寄提交(原文 references can be emailed separately if preferred),即不强制走系统。⚠️ 与 UCL 明文禁止申请人转交推荐信(we cannot accept references from applicants)直接相反——这条差异必须逐校硬编码,不能跨校套用	选填(CS 系可选提交途径)	https://www.cs.manchester.ac.uk/study/postgraduate-taught/how-to-apply/	official how-to-apply page	2026-08-15
Manchester	Oracle PeopleSoft Campus Solutions	Supporting documents	CV	cv_upload	file	AMBS:有超过两年 postgraduate work experience 者必交;CS 系 modular 申请要求 CV 显示 academic and employment history	条件必填(postgraduate 工作经验 >2 年)	https://www.alliancembs.manchester.ac.uk/study/masters/how-to-apply/supporting-documents/	official checklist	2026-08-15
Manchester	Oracle PeopleSoft Campus Solutions	Supporting documents	Final Year Modules	final_year_modules_list	file	仅 finance related programmes 且仍在读者:须另附最后一年在读科目清单,此件在官方成绩单之外额外要求	条件必填(finance 类课程在读申请者)	https://www.alliancembs.manchester.ac.uk/study/masters/how-to-apply/supporting-documents/	official checklist	2026-08-15
Manchester	Oracle PeopleSoft Campus Solutions	Supporting documents	University Grading Scale	grading_scale_upload	file	在英国以外院校就读者须提供所在院校的评分标准	条件必填(境外院校学历)	https://www.alliancembs.manchester.ac.uk/study/masters/how-to-apply/supporting-documents/	official checklist	2026-08-15
Manchester	Oracle PeopleSoft Campus Solutions	Supporting documents	Graduate Basis for Chartered Membership (GBC)	gbc_evidence_upload	file	仅 MSc Organisational Psychology:须证明第一学位被 British Psychological Society 认可为 GBC 或有资格取得 GBC	条件必填(MSc Organisational Psychology)	https://www.alliancembs.manchester.ac.uk/study/masters/how-to-apply/supporting-documents/	official checklist	2026-08-15
Manchester	Oracle PeopleSoft Campus Solutions	Supporting documents	Proof of English language ability	english_test_report_upload	file	原文 We will not make a decision on your application until you submit evidence of your English language ability —— 缺此件不出决定。⚠️ 与 UCL 的「缺英语成绩申请仍会被审理」相反	必填(母语非英语者)	https://www.alliancembs.manchester.ac.uk/study/masters/how-to-apply/supporting-documents/	official checklist	2026-08-15
Manchester	Oracle PeopleSoft Campus Solutions	Supporting documents	visa, CAS, BRP card or an official letter from your undergraduate institution	english_exemption_evidence	file	在英语国家读过书者以此替代语言成绩;明确允许 uploaded within the same file as your CV —— 与「每份材料分开上传」的总规则并存的一处例外	条件必填(以英语国家学历豁免语言要求时)	https://www.alliancembs.manchester.ac.uk/study/masters/how-to-apply/supporting-documents/	official checklist	2026-08-15
Manchester	Oracle PeopleSoft Campus Solutions	Supporting documents	Copy of passport	passport_scan	file	仅需 Tier 4 学生签证的国际生	条件必填(需签证者)	https://www.alliancembs.manchester.ac.uk/study/masters/how-to-apply/supporting-documents/	official checklist	2026-08-15
Manchester	Oracle PeopleSoft Campus Solutions	Submission	application fee	application_fee_payment	radio	£60,不可退,仅以下 8 门课收:MSc Accounting / Accounting and Finance / Business Analytics and Artificial Intelligence / Digital Marketing / Finance / International Business and Management / Marketing / Management。未列入者不收。须在 portal 内先付才能提交(You can't submit your application without paying);不接受银行转账;每申请一门课付一次	条件必填(上述 8 门课)	https://www.alliancembs.manchester.ac.uk/study/masters/how-to-apply/	official how-to-apply page	2026-08-15
Manchester	Oracle PeopleSoft Campus Solutions	Submission	application fee waiver	application_fee_waiver	radio	已申请 British Chevening / 印尼 LPDP 奖学金,或符合 Manchester Master's Bursary Scheme 者免申请费,但须提交奖学金申请证明	条件必填(申请免费资格时)	https://www.alliancembs.manchester.ac.uk/study/masters/how-to-apply/	official how-to-apply page	2026-08-15
Manchester	Oracle PeopleSoft Campus Solutions	Submission	If an agent is submitting an application on your behalf, they will have to pay the application fee	agent_used_yn	radio	曼大**允许中介代为提交申请**,且代申时申请费由中介支付,校方不另给学生付款链接。⚠️ 与 UNSW 明文 You must personally complete the application 相反;英国这边未见「按国籍强制走中介」的门槛	选填(公开页未见表单内 agent 字段,机制存在但字段形态未确认)	https://www.alliancembs.manchester.ac.uk/study/masters/how-to-apply/	official how-to-apply page	2026-08-15
Manchester	Oracle PeopleSoft Campus Solutions	Offer 阶段	tuition fee deposit	tuition_deposit	radio	自费国际生须先付 £2,500 学费押金才签发 CAS;部分申请人须付更高金额	必填(自费国际生,签发 CAS 前)	https://www.manchester.ac.uk/study/masters/courses/list/09705/msc-advanced-computer-science/	official how-to-apply page	2026-08-15
Manchester	Oracle PeopleSoft Campus Solutions	Application form (modular/part-time 简化路径)	you are not required to complete all of the fields on the application form	partial_form_allowed	radio	CS 系 modular / part-time(CPD)申请可只填最小集:全名+出生日期+地址+邮箱+电话、课程名称,其余字段可留空	不适用(表单规则)	https://www.cs.manchester.ac.uk/study/postgraduate-taught/how-to-apply/	official how-to-apply page	2026-08-15
Manchester	Oracle PeopleSoft Campus Solutions	Application form (modular/part-time 简化路径)	statement of aims	statement_of_aims	file	about half an A4 sheet —— 又一个以版面而非字数计的上限,且与 AMBS 的 one page 不同	必填(modular 申请)	https://www.cs.manchester.ac.uk/study/postgraduate-taught/how-to-apply/	official how-to-apply page	2026-08-15
Leeds	Microsoft Power Apps Portal / Dynamics 365 (My Leeds Portal) + Azure AD B2C	My Leeds Portal 登录页 (pre-login)	(无公开注册/申请表单)	registration_form_absent	text	signin-landing 页为 Power Pages SPA 外壳,HTML 内无任何可见 text/password 输入框,登录经 Azure AD B2C(b2clogin.com)跳转。字段契约全部在登录墙后	不适用	https://myleedsportal.leeds.ac.uk/signin-landing/?courseId=MSC-ACS-FT&year=2026%2F27	live public form	2026-08-15
Leeds	Microsoft Power Apps Portal / Dynamics 365 (My Leeds Portal) + Azure AD B2C	My Leeds Portal (pre-login)	courseId / year 作为 URL 参数	course_preference_1	dropdown	登录前的 deep link 已带课程与学年参数(如 courseId=MSC-ACS-FT&year=2026/27),说明课程选择在进入表单前即由入口链接决定,而非表单内下拉——与澳洲「表单内选 1-3 个志愿」结构不同	必填(经入口链接携带)	https://myleedsportal.leeds.ac.uk/signin-landing/?courseId=MSC-ACS-FT&year=2026%2F27	live public form	2026-08-15
Leeds	Microsoft Power Apps Portal / Dynamics 365 (My Leeds Portal) + Azure AD B2C	Step 4 — supporting documents	official degree certificate and transcripts	transcript_upload	file	须显示 degree class/grade 及每个 unit/module 的成绩;在读生交 partial/interim transcript;单文件大小与允许格式 未确认(公开页未给)	必填	https://www.leeds.ac.uk/masters-applying/doc/how-apply-masters-courses	official how-to-apply page	2026-08-15
Leeds	Microsoft Power Apps Portal / Dynamics 365 (My Leeds Portal) + Azure AD B2C	Step 4 — supporting documents	grading scale	grading_scale_upload	file	成绩单未清楚载明评分标准时须另附;EPS 补充要求含 the percentage pass mark for your degree,并提示评分标准常印在成绩单背面	条件必填(成绩单未载明时)	https://www.leeds.ac.uk/masters-applying/doc/how-apply-masters-courses	official how-to-apply page	2026-08-15
Leeds	Microsoft Power Apps Portal / Dynamics 365 (My Leeds Portal) + Azure AD B2C	Step 4 — supporting documents	certified translations into English	transcript_translation_upload	file	原文 All documents should be in English or accompanied by certified translations into English —— 要求 certified 翻译。公开页未指定认证机构,亦未像 UCL 那样禁止本人翻译	条件必填(材料非英文时)	https://www.leeds.ac.uk/masters-applying/doc/how-apply-masters-courses	official how-to-apply page	2026-08-15
Leeds	Microsoft Power Apps Portal / Dynamics 365 (My Leeds Portal) + Azure AD B2C	Step 4 — supporting documents	Evidence of English language proficiency	english_test_report_upload	file	原文限定 if you hold this at the time of application —— 申请时没有可不交;EPS 明确 usually able to issue a conditional offer without any English documentation,但不出无条件 offer	选填(申请时持有则交)	https://www.leeds.ac.uk/masters-applying/doc/how-apply-masters-courses	official how-to-apply page	2026-08-15
Leeds	Microsoft Power Apps Portal / Dynamics 365 (My Leeds Portal) + Azure AD B2C	Step 4 — supporting documents	previous immigration documents: Visa / Share code / BRP / CAS	previous_uk_visa_documents	file	仅限「需 Student visa 且此前持 Student visa(或等效)在英就读过」者;四类件并列:签证、share code、BRP、CAS。⚠️ 这是澳美两国都没有的英国特有件	条件必填(有英国学签就读史者)	https://www.leeds.ac.uk/masters-applying/doc/how-apply-masters-courses	official how-to-apply page	2026-08-15
Leeds	Microsoft Power Apps Portal / Dynamics 365 (My Leeds Portal) + Azure AD B2C	Step 4 — supporting documents	A CV	cv_upload	file	大学层面写作 may also need to provide(按课程);但 EPS 把 CV/Resume 列入 MUST include 必交清单,用于澄清教育经历、解释空档期、边缘案例加分——校内两级口径不一致,须按院系取值	条件必填(EPS 必交;其他院系按课程)	https://eps.leeds.ac.uk/computing-masters/doc/apply-13	official checklist	2026-08-15
Leeds	Microsoft Power Apps Portal / Dynamics 365 (My Leeds Portal) + Azure AD B2C	Step 4 — supporting documents	Evidence of professional qualifications	professional_qualification_evidence	file	按课程要求,须在 Course Search 逐课程查	条件必填(按课程)	https://www.leeds.ac.uk/masters-applying/doc/how-apply-masters-courses	official how-to-apply page	2026-08-15
Leeds	Microsoft Power Apps Portal / Dynamics 365 (My Leeds Portal) + Azure AD B2C	Step 4 — supporting documents	details of the qualification used to gain entry into that later year	later_year_entry_qualification	file	若非从第 1 年入读现学位(如专升本/转学分入读高年级),须另附当初入读所凭资格的成绩单与证书。⚠️ 中国专升本、3+1 类学历会命中此条	条件必填(非第 1 年入读者)	https://eps.leeds.ac.uk/computing-masters/doc/apply-13	official checklist	2026-08-15
Leeds	Microsoft Power Apps Portal / Dynamics 365 (My Leeds Portal) + Azure AD B2C	Step 4 — supporting documents	list of modules yet to be studied	remaining_modules_list	file	在读生除最新成绩单外,须另附尚未修读的科目清单	条件必填(在读申请者)	https://eps.leeds.ac.uk/computing-masters/doc/apply-13	official checklist	2026-08-15
Leeds	Microsoft Power Apps Portal / Dynamics 365 (My Leeds Portal) + Azure AD B2C	Step 4 — 扫描件规格	scans of the originals, not photographs	scan_quality_rule	file	🌟 本次八校中最细的扫描规格:必须是原件扫描件、不接受拍照;扫描须完整且质量良好、showing the 4 corners of all pages of the original document;Please do not merge separate qualifications together(不同学历不得合并成一个文件)。另明示 incomplete applications may not be continued if ... insufficient effort was made in submitting the application	必填(上传规格)	https://eps.leeds.ac.uk/computing-masters/doc/apply-13	official checklist	2026-08-15
Leeds	Microsoft Power Apps Portal / Dynamics 365 (My Leeds Portal) + Azure AD B2C	Step 4 — 扫描件规格	do not upload academic documents to the funding section	upload_section_routing_rule	file	学术材料不得传到 funding 区,原因是 we cannot access these —— portal 内不同上传区权限不同,传错区等于没交	不适用(上传规则)	https://eps.leeds.ac.uk/computing-masters/doc/apply-13	official checklist	2026-08-15
Leeds	Microsoft Power Apps Portal / Dynamics 365 (My Leeds Portal) + Azure AD B2C	Supporting documents (post-submission)	sent via an enquiry or condition response in the applicant portal	late_document_upload_route	file	补件须走 portal 内的 enquiry 或 condition response 通道,这样系统才会自动挂到对应申请上	条件必填(提交后补件时)	https://eps.leeds.ac.uk/computing-masters/doc/apply-13	official checklist	2026-08-15
Leeds	Microsoft Power Apps Portal / Dynamics 365 (My Leeds Portal) + Azure AD B2C	References	References, or contact details for two referees	referee_details	repeatable-group	按课程决定要不要;要则通常 2 位。推荐人应为 academic;离开教育超过 5 年或以工作经验申请者,admissions team 可接受 professional referee(注意:澳洲/UCL 的门槛是 4 年,Leeds 是 5 年)。是否接受由相关 academic school 自行裁量	条件必填(按课程)	https://www.leeds.ac.uk/masters-applying/doc/how-apply-masters-courses	official how-to-apply page	2026-08-15
Leeds	Microsoft Power Apps Portal / Dynamics 365 (My Leeds Portal) + Azure AD B2C	References	(发信时点 —— 第三种机制)	referee_invite_trigger	radio	⚠️ 原文 If you are required to supply referee details, the admissions team will only contact your referees if they need to see a reference in order to make a decision on your application。即:填了推荐人也**不必然**发信,只有招生团队认为需要看推荐信时才由**人工**联系推荐人。既非 UCL 的 on-submit 自动发信,也非曼大 AMBS 的「校方发信给学生」——这是第三种机制	不适用(系统/人工行为)	https://www.leeds.ac.uk/masters-applying/doc/how-apply-masters-courses	official how-to-apply page	2026-08-15
Leeds	Microsoft Power Apps Portal / Dynamics 365 (My Leeds Portal) + Azure AD B2C	References	(EPS 院系口径)	referee_details_eps	repeatable-group	EPS 把 References 列在 Documents which are not required 之下:References are not usually required, but in specific borderline cases and for the MSc Mathematics programme we may require a reference。⚠️ 与大学层面「按课程可能要 2 位」并存,须按院系/课程取值	选填(EPS;MSc Mathematics 及边缘案例除外)	https://eps.leeds.ac.uk/computing-masters/doc/apply-13	official checklist	2026-08-15
Leeds	Microsoft Power Apps Portal / Dynamics 365 (My Leeds Portal) + Azure AD B2C	Personal statement	A personal statement	personal_statement_upload	file	EPS:A personal statement is not required as standard,但在两种情形下能加分——解释教育空档期(若 CV 未体现)、说明本科专业与所申项目不直接相关时的关联性。上限 no more than one side of A4(注意:曼大 AMBS 是 one page、CS 系 statement of aims 是 half A4、UCL 是 3000 字符或两页 A4 —— 四个不同上限)	选填(EPS 非标准必交;部分课程必填)	https://eps.leeds.ac.uk/computing-masters/doc/apply-13	official checklist	2026-08-15
Leeds	Microsoft Power Apps Portal / Dynamics 365 (My Leeds Portal) + Azure AD B2C	Application form — Funding	scholarship deadline	scholarship_deadline_flag	text	有奖学金截止日者须在表单 funding 区注明,以便校方优先处理;另建议整份申请在奖学金截止前至少 1 个月提交	选填	https://www.leeds.ac.uk/masters-applying/doc/how-apply-masters-courses	official how-to-apply page	2026-08-15
Leeds	Microsoft Power Apps Portal / Dynamics 365 (My Leeds Portal) + Azure AD B2C	Application form — Declarations	unspent criminal conviction	criminal_conviction_declaration	radio	通常在**接受 offer 时**才需申报;少数课程在**申请时**即须申报。⚠️ 申报时点因课程而异,产品不能统一放在同一步	条件必填(少数课程在申请时;其余在接受 offer 时)	https://www.leeds.ac.uk/masters-applying/doc/how-apply-masters-courses	official how-to-apply page	2026-08-15
Leeds	Microsoft Power Apps Portal / Dynamics 365 (My Leeds Portal) + Azure AD B2C	Application form	under the age of 18 on 1 October in the year of entry	under_18_flag	radio	入学年 10 月 1 日未满 18 岁者另有专门指引(与澳洲 UNSW/Adelaide 的未成年监护要求同类)	条件必填(未满 18 岁)	https://www.leeds.ac.uk/masters-applying/doc/how-apply-masters-courses	official how-to-apply page	2026-08-15
Leeds	Microsoft Power Apps Portal / Dynamics 365 (My Leeds Portal) + Azure AD B2C	Portal 行为约束	your application will be deleted after 200 days if it is not submitted	draft_expiry_200_days	radio	🌟 草稿可随时保存,但**未提交的申请 200 天后被删除**。这是本次八校中唯一公开的草稿存活期。对「AI 准备包长期托管草稿」是硬约束	不适用(系统约束)	https://www.leeds.ac.uk/masters-applying/doc/how-apply-masters-courses	official how-to-apply page	2026-08-15
Leeds	Microsoft Power Apps Portal / Dynamics 365 (My Leeds Portal) + Azure AD B2C	中介 / 代申	we recommend you use the services of our overseas representatives	agent_used_yn	radio	Leeds 对国际申请人**主动建议**走海外代表(中介),并另设 How to apply – information for agents 专页。但未见按国籍强制。表单内是否有 agent 归属字段 未确认(登录墙后)	选填	https://www.leeds.ac.uk/masters-applying/doc/how-apply-masters-courses	official how-to-apply page	2026-08-15
Leeds	Microsoft Power Apps Portal / Dynamics 365 (My Leeds Portal) + Azure AD B2C	Offer 阶段	tuition fee deposit	tuition_deposit	radio	须付学费押金或提供豁免证明;金额见 Tuition fee deposits for Masters applicants 专页(本次未取具体数额)	必填(除豁免情形)	https://www.leeds.ac.uk/masters-applying/doc/how-apply-masters-courses	official how-to-apply page	2026-08-15
Leeds	Microsoft Power Apps Portal / Dynamics 365 (My Leeds Portal) + Azure AD B2C	Submission	application fee	application_fee_payment	radio	公开的 how to apply 五步流程中**未出现申请费**环节(对照:UCL £90/£160、曼大 8 门课 £60)。记为未确认而非「不收」	未确认(公开页未提及)	https://www.leeds.ac.uk/masters-applying/doc/how-apply-masters-courses	official how-to-apply page	2026-08-15
Columbia SEAS	Slate (Technolutions)	Register Account (pre-login)	Email Address	email	text	maxlength=64;data-validate 含 required: true, format: 'email';autocomplete=off	必填	https://apply.engineering.columbia.edu/register	live public form	2026-08-15
Columbia SEAS	Slate (Technolutions)	Register Account (pre-login)	First Name	given_name	text	maxlength=64;data-validate 含 required: true。⚠️ 对照 UQ 的 30/50 冲突:Slate 这里 HTML 与帮助文字一致,无冲突	必填	https://apply.engineering.columbia.edu/register	live public form	2026-08-15
Columbia SEAS	Slate (Technolutions)	Register Account (pre-login)	Last Name	family_name	text	maxlength=64;data-validate 含 required: true	必填	https://apply.engineering.columbia.edu/register	live public form	2026-08-15
Columbia SEAS	Slate (Technolutions)	Register Account (pre-login)	Birthdate	date_of_birth	dropdown	拆成 3 个 select(birthdate_m / birthdate_d / birthdate_y),三者共用同一条 required 校验。⚠️ 出生日期在注册阶段即收集——澳洲 StudyLink 注册表不收,是登录后才问	必填	https://apply.engineering.columbia.edu/register	live public form	2026-08-15
Columbia SEAS	Slate (Technolutions)	Register Account (pre-login)	(注册表单只有以上 4 项)	registration_form_minimal	text	整张 Register Account 表仅 email / first / last / birthdate 四项,无国籍、无密码(Slate 走邮件确认链接建号)。这是美国 Slate 系的通用形态	不适用	https://apply.engineering.columbia.edu/register	live public form	2026-08-15
Columbia SEAS	Slate (Technolutions)	Application form — Program	one program per term	course_preference_1	dropdown	🌟 与澳洲相反:It is against school policy to apply to more than one program at the Fu Foundation School of Engineering and Applied Science per term(含 Columbia Video Network)。违规可能导致申请作废且多付的申请费不退;并明文禁止 Do not create a new application account in order to circumvent this policy	必填(且每学期只能申一个项目)	https://www.engineering.columbia.edu/admissions-aid/graduate-admissions/how-apply/application-requirements	official how-to-apply page	2026-08-15
Columbia SEAS	Slate (Technolutions)	Application form — Education	list all colleges and universities you have attended for at least one term	institution_name	repeatable-group	须列出所有就读满一学期且取得学分的院校,含 professional schools 与 summer study programs,不论学分多少	必填	https://www.engineering.columbia.edu/admissions-aid/graduate-admissions/how-apply/application-requirements	official how-to-apply page	2026-08-15
Columbia SEAS	Slate (Technolutions)	Application form — Education	upload a copy of your transcript	transcript_upload	file	可传 official transcript 的复印件或 student copy;🌟 明文禁止 We ask that you not upload screenshots of your online student portal —— 传截图会拖慢审理。单文件大小/格式上限 公开页未给(未确认)	必填(逐所院校)	https://www.engineering.columbia.edu/admissions-aid/graduate-admissions/how-apply/application-requirements	official how-to-apply page	2026-08-15
Columbia SEAS	Slate (Technolutions)	Application form — Education	Official transcripts	official_transcript_post_admit	file	官方成绩单在**录取并接受 offer 之后**才寄送,并明确 Do not have your institution send us transcripts prior to this。若院校无法经安全加密系统电子发送,须改由 WES 出具 Course-by-Course Evaluation + International Credential Advantage Package 直发 finaldocs@columbia.edu	必填(录取并接受 offer 后)	https://www.engineering.columbia.edu/admissions-aid/graduate-admissions/how-apply/application-requirements	official how-to-apply page	2026-08-15
Columbia SEAS	Slate (Technolutions)	Application form — Education	Translation of the official transcript(s) and degree/diploma certificate(s)	transcript_translation_upload	file	The translation must be conducted by a reputable service provider(措辞较松,未指定名录;对照 UCL 明文禁止本人翻译)	条件必填(院校不出具英文成绩单时)	https://www.engineering.columbia.edu/admissions-aid/graduate-admissions/how-apply/application-requirements	official how-to-apply page	2026-08-15
Columbia SEAS	Slate (Technolutions)	Application form — Recommendations	Three letters of recommendation	referee_details	repeatable-group	固定 3 封。推荐人应为教过申请人的 faculty;也可用现任/前任主管;Personal references are not appropriate。⚠️ 澳洲授课型硕士主流不要推荐信,美国这边 3 封是硬性起步——这是三国间最大的材料量差异	必填	https://www.engineering.columbia.edu/admissions-aid/graduate-admissions/how-apply/application-requirements	official how-to-apply page	2026-08-15
Columbia SEAS	Slate (Technolutions)	Application form — Recommendations	recommendation providers' contact information	referee_1_email	text	应使用 professional email address;⚠️ 红线字段:填入即触发系统联系推荐人	必填(3 位)	https://www.engineering.columbia.edu/admissions-aid/graduate-admissions/admissions-faqs	official how-to-apply page	2026-08-15
Columbia SEAS	Slate (Technolutions)	Application form — Recommendations	(发信触发时点)	referee_invite_trigger	radio	原文 Upon entering your recommendation providers' contact information in your application, your recommendation providers will be contacted to supply the letter of recommendation —— 字面读作**填入联系方式即联系推荐人**,比 UCL 的 on-submit 更早。但公开页未明示是保存即发还是提交后发,**未确认**,不得假定为 on-submit	不适用(系统行为)	https://www.engineering.columbia.edu/admissions-aid/graduate-admissions/how-apply/application-requirements	official how-to-apply page	2026-08-15
Columbia SEAS	Slate (Technolutions)	Application form — Recommendations	(申请人参与推荐信的禁令)	reference_authorship_prohibition	text	🔴 本次三国八校中最强的一条禁令,逐字:Under no circumstance should you write any portion of the evaluation, nor have any involvement in its drafting or submission. —— 不仅禁止代写「任何部分」,连**参与起草或参与提交**都禁止。这直接把「AI 代写推荐信」「AI 代推荐人提交」定为违规,且违规后果适用 academic integrity 条款(拒录/撤销录取/撤销学位)	不允许	https://www.engineering.columbia.edu/admissions-aid/graduate-admissions/how-apply/application-requirements	official how-to-apply page	2026-08-15
Columbia SEAS	Slate (Technolutions)	Application form — Recommendations	(第三方递送服务)	reference_third_party_service	radio	不接受 Interfolio 或任何第三方代递服务;不接受纸质信函(References sent this way will not be reviewed);Letters of recommendation must be submitted by your reference provider directly	不允许	https://www.engineering.columbia.edu/admissions-aid/graduate-admissions/admissions-faqs	official how-to-apply page	2026-08-15
Columbia SEAS	Slate (Technolutions)	Application form — Recommendations	(提交后补推荐信)	reference_after_submission	radio	References can be added to your submitted application after the priority deadline, if necessary;推荐人可在申请提交后直接把信加到申请里。即推荐信不阻塞提交	选填(提交后仍可补)	https://www.engineering.columbia.edu/admissions-aid/graduate-admissions/admissions-faqs	official how-to-apply page	2026-08-15
Columbia SEAS	Slate (Technolutions)	Application form — Personal Statement	Personal statement	personal_statement_upload	file	建议 250–1,000 词,但**超出不受负面影响**(Your application will not be negatively impacted should you exceed this recommendation),且明确不必来函申请超字数许可。格式建议:四边页边距 ≥1 inch 且左右相等、双倍行距、10pt Arial 或 12pt Times New Roman(可用任何清晰的标准衬线/无衬线字体,禁用手写体与花体)、**姓名须出现在每页的页眉或页脚**	必填	https://www.engineering.columbia.edu/admissions-aid/graduate-admissions/how-apply/application-requirements	official how-to-apply page	2026-08-15
Columbia SEAS	Slate (Technolutions)	Application form — Personal Statement	(原创性要求)	personal_statement_authorship	text	It is essential to the admissions process that you write and submit this Personal Statement on your own. Any evidence of plagiarized materials may result in denial or revocation of admission	必填(本人撰写)	https://www.engineering.columbia.edu/admissions-aid/graduate-admissions/how-apply/application-requirements	official how-to-apply page	2026-08-15
Columbia SEAS	Slate (Technolutions)	Application form — Resume	Resumé or Curriculum Vitae	cv_upload	file	须涵盖:任职经历(含职位名与起止日期)、research activities、academic honors 含 fellowships、志愿/社区服务、课外活动、荣誉学会与服务或领导力奖项、publications	必填	https://www.engineering.columbia.edu/admissions-aid/graduate-admissions/how-apply/application-requirements	official how-to-apply page	2026-08-15
Columbia SEAS	Slate (Technolutions)	Application form — Publications	Publications	publication_upload	file	选填。须上传论文副本、**描述本人贡献**,并**提供一位可证实其参与的教授或导师的邮箱**。⚠️ 这是本申请里第二个「填入第三方邮箱」的字段——是否触发系统发信 未确认,但性质上与推荐人邮箱同属红线邻域	选填	https://www.engineering.columbia.edu/admissions-aid/graduate-admissions/how-apply/application-requirements	official how-to-apply page	2026-08-15
Columbia SEAS	Slate (Technolutions)	Application form — Test Scores	self-report your full scores (each section with percentiles)	test_scores_self_reported	text	须逐科填分并附百分位;另须上传对应 score report 副本(申请阶段只要这一份);录取后才由考试机构直发官方成绩(ETS code 2111)。🌟 禁止 superscoring —— 多次考试须整套提交同一次的成绩	条件必填(提交分数时)	https://www.engineering.columbia.edu/admissions-aid/graduate-admissions/how-apply/application-requirements	official how-to-apply page	2026-08-15
Columbia SEAS	Slate (Technolutions)	Application form — Test Scores	GRE General Test	gre_score	text	School Code 2111;2026 申请季(含 2026 春/秋)**不要求**,交与不交都不影响评审;Applied Physics 博士方向可另交 GRE Physics 科目成绩	选填(2026 cycle)	https://www.engineering.columbia.edu/admissions-aid/graduate-admissions/how-apply/application-requirements	official how-to-apply page	2026-08-15
Columbia SEAS	Slate (Technolutions)	Application form — Test Scores	English language test	english_test_report_upload	file	接受 TOEFL iBT(含 Home Edition)/ IELTS Academic / PTE Academic / Duolingo,任选其一。豁免名单为本科学位来自 澳/加/加纳/爱尔兰/肯尼亚/新西兰/尼日利亚/新加坡/英/美 十国;在这十国拿到或即将拿到硕士学位者亦豁免。中国大陆申请人属明确点名须交的地区	条件必填(本科学位非上述十国)	https://www.engineering.columbia.edu/admissions-aid/graduate-admissions/how-apply/application-requirements	official how-to-apply page	2026-08-15
Columbia SEAS	Slate (Technolutions)	Application form — Test Scores	(成绩有效期)	test_score_validity	text	所有成绩须在入学首学期开始时仍在有效期内。GRE 5 年;TOEFL / IELTS / Duolingo 2 年。过期成绩不接受	必填(有效期约束)	https://www.engineering.columbia.edu/admissions-aid/graduate-admissions/how-apply/application-requirements	official how-to-apply page	2026-08-15
Columbia SEAS	Slate (Technolutions)	Status Portal (post-submission)	Video Interview	video_interview	radio	🌟 硕士(MS)申请的**强制**组件,但**只有在申请提交且申请费付讫后**才在 Status Portal 中开放。形式:3 道随机抽取的行为面试题,每题给 90 秒思考,三题合计 3 分钟录制作答,官方说明无需事先准备;提示使用 VPN 可能导致提交失败	必填(MS 申请;提交并付费后)	https://www.engineering.columbia.edu/admissions-aid/graduate-admissions/how-apply/application-requirements	official how-to-apply page	2026-08-15
Columbia SEAS	Slate (Technolutions)	Submission	application fee	application_fee_payment	radio	$85,不可退,只能用主要信用卡在线支付;违规重复申请多付的费用不退	必填	https://www.engineering.columbia.edu/admissions-aid/graduate-admissions/how-apply/application-requirements	official how-to-apply page	2026-08-15
Columbia SEAS	Slate (Technolutions)	Submission	attest to the accuracy and authenticity of all information and documents	declaration_signature	checkbox	须声明所交全部信息与文件真实准确;academic integrity 条款写明后果可至 denial or revocation of admission, cancellation of academic credit, suspension, expulsion, or eventual revocation of degree,并可能被要求配合校方核验	必填	https://www.engineering.columbia.edu/admissions-aid/graduate-admissions/how-apply/application-requirements	official how-to-apply page	2026-08-15
Columbia SEAS	Slate (Technolutions)	Submission	(中介 / 第三方代交)	agent_used_yn	radio	🔴 明文禁止:You must submit all materials directly, not through an agent or third-party vendor。唯一例外是 美国国务院 Fulbright 及其三家伙伴机构 IIE / LASPAU / AMIDEAST,以及 丹麦 DAF、德国 DAAD、越南 VEF。⚠️ 与曼大「允许中介代交并由中介付费」、Leeds「建议使用海外代表」完全相反	不允许(除列名机构)	https://www.engineering.columbia.edu/admissions-aid/graduate-admissions/how-apply/application-requirements	official how-to-apply page	2026-08-15
Columbia SEAS	Slate (Technolutions)	Submission	(全线上提交)	online_only_submission	radio	Yes, you must submit all application requirements online. This includes uploaded copies of official transcripts and recommendations. No exceptions are made to the requirement	必填(仅线上)	https://www.engineering.columbia.edu/admissions-aid/graduate-admissions/admissions-faqs	official how-to-apply page	2026-08-15
Cornell (Graduate School / CS MEng)	ApplyWeb (CollegeNET)	平台	ApplyWeb (CollegeNet)	platform_evidence	text	康奈尔官方 FAQ 内逐字出现 ApplyWeb portal / ApplyWeb account / ApplyWeb (CollegeNet),并把推荐人求助指向 applyweb.collegenet.support;申请入口 URL 形如 w.applyweb.com/cgi-bin/app?s=cornellg。⚠️ 本次直接 GET w.applyweb.com/public/account?s=cornellg 连接失败(HTTP 000),故平台名取证来自康奈尔官方页而非 portal 本身	不适用	https://gradschool.cornell.edu/admissions/admitted-students/admissions-and-admitted-student-faq-2/	official how-to-apply page	2026-08-15
Cornell (Graduate School / CS MEng)	ApplyWeb (CollegeNET)	Application form — Program	apply to major fields only	course_preference_1	dropdown	只能申请 major field;一份申请对应一个 field。改投:可**另联系一个** graduate field 请求转审,须对方 deadline 未过且愿意审,由该 field 联系研究生院发起 transfer	必填	https://gradschool.cornell.edu/admissions/application-steps/	official how-to-apply page	2026-08-15
Cornell (Graduate School / CS MEng)	ApplyWeb (CollegeNET)	Application form — Transcripts	upload an unofficial copy of each official transcript	transcript_upload	file	🌟 格式:PDF / TIFF / JPEG / GIF;**每次上传单文件不得超过 10MB**;要求把同一份成绩单的多页**合并成一个文件**(⚠️ 与曼大/Leeds 的「不得合并」正好相反);扫描件须清晰易读	必填(逐所院校)	https://gradschool.cornell.edu/admissions/application-steps/transcripts/	official how-to-apply page	2026-08-15
Cornell (Graduate School / CS MEng)	ApplyWeb (CollegeNET)	Application form — Transcripts	Do not upload transcripts that include a U.S. Social Security Number (SSN)	ssn_redaction_rule	file	🌟 八校中唯一的**隐私脱敏要求**:上传前须把 SSN 涂黑、划掉或遮盖再扫描	必填(含 SSN 时)	https://gradschool.cornell.edu/admissions/application-steps/transcripts/	official how-to-apply page	2026-08-15
Cornell (Graduate School / CS MEng)	ApplyWeb (CollegeNET)	Application form — Transcripts	encrypted or password-protected documents	encrypted_file_prohibition	file	系统不接受也无法正确显示加密/带密码的文件;**官方电子成绩单(e-transcript)必须先打印出来、再扫描后上传**——这条会让「直接转发学校发来的加密 PDF」失败	不适用(上传规则)	https://gradschool.cornell.edu/admissions/application-steps/transcripts/	official how-to-apply page	2026-08-15
Cornell (Graduate School / CS MEng)	ApplyWeb (CollegeNET)	Application form — Transcripts	academic records content	transcript_content_requirement	file	须含 就读起止日期、逐年课程清单、每门课成绩、学位授予日期(如已授予);同一套学历材料的多页合并为一个文件,单文件 ≤10MB	必填	https://gradschool.cornell.edu/admissions/application-steps/transcripts/	official how-to-apply page	2026-08-15
Cornell (Graduate School / CS MEng)	ApplyWeb (CollegeNET)	Application form — Transcripts	certified copy of the diploma and/or degree certificate	degree_certificate_upload	file	境外学历者须另交学位/毕业证的 certified copy;所有学历材料须为院校出具的 official documents 且提供**原语言版本**	条件必填(境外学历)	https://gradschool.cornell.edu/admissions/application-steps/transcripts/	official how-to-apply page	2026-08-15
Cornell (Graduate School / CS MEng)	ApplyWeb (CollegeNET)	Application form — Transcripts	certified or notarized English translation	transcript_translation_upload	file	原语言非英文时须附 **certified or notarized** 英文翻译(比 UCL 的 registered translator、Columbia 的 reputable service provider 更硬,要求到公证一级)	条件必填(材料非英文时)	https://gradschool.cornell.edu/admissions/application-steps/transcripts/	official how-to-apply page	2026-08-15
Cornell (Graduate School / CS MEng)	ApplyWeb (CollegeNET)	Application form — Transcripts	transcripts certified and uploaded directly by IIE, or Amideast, or submitted through SOPHAS, VMCAS, or LSAC	third_party_transcript_channel	file	接受由 IIE / Amideast 直接认证上传的成绩单,或经 SOPHAS / VMCAS / LSAC 递交的成绩单。⚠️ 与 Columbia「禁止一切中介与第三方代交(仅 Fulbright 系例外)」口径不同	选填(替代途径)	https://gradschool.cornell.edu/admissions/application-steps/transcripts/	official how-to-apply page	2026-08-15
Cornell (Graduate School / CS MEng)	ApplyWeb (CollegeNET)	录取后	official electronic transcript with the degree marked as conferred or awarded	official_transcript_post_admit	file	须由研究生院招生办另收一份**自己的**官方电子件——原文 Any transcripts or other academic records that you submitted with your application, or sent directly to your admitting program, will not fulfill this requirement。本科为康奈尔者免交。境外学历须电子递交 成绩单 + certified 学位证 + certified 翻译	必填(录取后;本科康奈尔者除外)	https://gradschool.cornell.edu/admissions/application-steps/transcripts/	official how-to-apply page	2026-08-15
Cornell (Graduate School / CS MEng)	ApplyWeb (CollegeNET)	Application form — Transcripts (post-submission)	transcript update tool	transcript_update_tool	file	提交后更新成绩单须由申请人自己经 ApplyWeb 账号内的 transcript update tool 操作;补交简历或推荐信可邮件请招生办代传,但成绩单不代传	条件必填(提交后需更新时)	https://www.cs.cornell.edu/master-engineering-computer-science/apply	official how-to-apply page	2026-08-15
Cornell (Graduate School / CS MEng)	ApplyWeb (CollegeNET)	Application form — Recommendations	names and contact information for their references	referee_details	repeatable-group	大多数 field 要 2 或 3 封,具体看 field 要求。CS MEng:要求 2 封(建议 1 学术 + 1 职业;离开学术界久者 2 封职业信亦可),可再自愿加 1 封。🌟 若申请时填了 3 位而处理时只到 2 封,视为已满足要求	必填(2-3 封,按 field)	https://gradschool.cornell.edu/admissions/application-steps/	official how-to-apply page	2026-08-15
Cornell (Graduate School / CS MEng)	ApplyWeb (CollegeNET)	Application form — Recommendations	(发信触发机制)	referee_invite_trigger	radio	原文 Students must submit the names and contact information for their references directly on the application. These faculty receive an email with a link to an online form to complete the reference. Referees can upload or type directly into the text box provided. —— 系统给推荐人发含链接的邮件,推荐人可上传文件或**直接在文本框里打字**。⚠️ 公开页未写明发信是在保存推荐人信息时还是提交申请时,**未确认**	不适用(系统行为)	https://gradschool.cornell.edu/admissions/application-steps/	official how-to-apply page	2026-08-15
Cornell (Graduate School / CS MEng)	ApplyWeb (CollegeNET)	Application form — Recommendations	professional email address	referee_1_email	text	CS MEng 明确要求推荐信须来自 professional email address,并给出理由 This is to maintain the integrity and credibility of the recommendations。⚠️ 红线字段	必填	https://www.cs.cornell.edu/master-engineering-computer-science/apply	official how-to-apply page	2026-08-15
Cornell (Graduate School / CS MEng)	ApplyWeb (CollegeNET)	Application form — Recommendations	waive access	ferpa_waiver_checkbox	checkbox	🌟 美国特有(FERPA 1974):每位推荐人地址下方有一个 waive access 勾选框,须在**发出请求之前**勾选。勾选=放弃入学后查阅推荐信的权利,并让推荐人知道申请人不会看信、让评审委员会知道推荐信是坦率的。英澳两国八校中**无任何对应字段**	选填(但有实质影响)	https://gradschool.cornell.edu/admissions/application-steps/	official how-to-apply page	2026-08-15
Cornell (Graduate School / CS MEng)	ApplyWeb (CollegeNET)	Application form — Recommendations	recommendation will be sent by mail / online	reference_delivery_method	dropdown	申请人在表内选择推荐信递送方式(online 或 By Mail)。⚠️ 一旦选了 By Mail 且已提交申请,**推荐人就无法再改用线上系统**,只能把信直接寄/发给所申 field,且信须用 letterhead 并有签名。这是一个「选错不可逆」的字段	必填	https://gradschool.cornell.edu/admissions/admitted-students/admissions-and-admitted-student-faq-2/	official how-to-apply page	2026-08-15
Cornell (Graduate School / CS MEng)	ApplyWeb (CollegeNET)	Application form — Recommendations	Interfolio	reference_third_party_service	text	🌟 接受 Interfolio,**但须所申 graduate field 同意**(理由:经 Interfolio 递交的信缺少通常随信的标准推荐表)。操作:在申请中把该推荐信标为 by mail 并填推荐人姓名与联系方式,再与 field 和 Interfolio 协调直接送达 field administrator。CS MEng 另给一种做法:把 Interfolio 为每封信生成的 custom document e-mail address **填进 ApplyWeb 里推荐人邮箱那一栏,取代推荐人本人邮箱**。⚠️ 与 Columbia 明文不接受 Interfolio 相反	选填(须 field 同意)	https://gradschool.cornell.edu/admissions/admitted-students/admissions-and-admitted-student-faq-2/	official how-to-apply page	2026-08-15
Cornell (Graduate School / CS MEng)	ApplyWeb (CollegeNET)	Application form — Recommendations	filler for the second contact	referee_filler_placeholder	text	🌟 康奈尔 CS 在读生只需 1 封推荐信,官方指引是在第 2 位推荐人处 enter a filler ——即官方主动要求在推荐人字段里填占位内容。产品若做字段校验须容忍这种官方认可的占位值	条件必填(康奈尔 CS 在读生)	https://www.cs.cornell.edu/master-engineering-computer-science/apply	official how-to-apply page	2026-08-15
Cornell (Graduate School / CS MEng)	ApplyWeb (CollegeNET)	Application form — Recommendations (post-submission)	change my recommenders' information after submitting	reference_edit_after_submission	text	提交后改推荐人:官方指引是**由申请人自行联系全部推荐人告知变更**;已交信的推荐人若想改内容,须把修订版直接寄给新的 field。系统内是否能直接改 未确认(登录墙后)	不适用(post-submission)	https://gradschool.cornell.edu/admissions/admitted-students/admissions-and-admitted-student-faq-2/	official how-to-apply page	2026-08-15
Cornell (Graduate School / CS MEng)	ApplyWeb (CollegeNET)	Application form — Statements	Academic Statement of Purpose	statement_of_purpose	file	康奈尔要**两份不同的文书**:Academic Statement of Purpose 与 Personal Statement,是两个独立的申请步骤。SOP 上限:Unless otherwise noted, one to two pages in a standard font and size is typical;🌟 要求 Include your full name and proposed program of study at the top of each page(理由写明:若评审看的是纸质版,散页可能被分开)	必填	https://gradschool.cornell.edu/admissions/application-steps/statements-of-purpose/	official how-to-apply page	2026-08-15
Cornell (Graduate School / CS MEng)	ApplyWeb (CollegeNET)	Application form — Statements	Personal Statement	personal_statement	file	与 SOP 分列的第二份文书(官方设有独立指引页 Write a Personal Statement)。字数/页数上限 未确认(该页未给硬性数字)	必填	https://gradschool.cornell.edu/admissions/application-steps/	official how-to-apply page	2026-08-15
Cornell (Graduate School / CS MEng)	ApplyWeb (CollegeNET)	Application form — 附加材料	Publications, award certificates, resumes, theses, and similar materials	extra_materials_prohibition	file	🌟 与 Columbia 完全相反:should not be sent unless prior approval has been given by the field of study to which you are applying;获准的材料须**直接寄给 graduate field,不寄研究生院**。Columbia 是主动要简历与 publications,康奈尔研究生院默认不收	不允许(除非 field 事先批准)	https://gradschool.cornell.edu/admissions/application-steps/	official how-to-apply page	2026-08-15
Cornell (Graduate School / CS MEng)	ApplyWeb (CollegeNET)	Application form — Test Scores	GRE / GMAT	gre_score	text	按 field 而定,须逐 field 查;hotel administration / real estate / management / industrial and labor relations / Sloan 公共政策 这几个 field 接受 GRE 或 GMAT 二选一。GRE 成绩自考试日起 5 年有效	条件必填(按 field)	https://gradschool.cornell.edu/admissions/application-steps/required-tests/	official how-to-apply page	2026-08-15
Cornell (Graduate School / CS MEng)	ApplyWeb (CollegeNET)	Application form — Test Scores	Institution Code 2098	test_score_institution_code	text	官方成绩直送康奈尔机构代码 **2098**;🌟 不需要 department code,若 ETS 强制要选,官方指引是选 0000 undecided	必填(送分时)	https://gradschool.cornell.edu/admissions/application-steps/required-tests/	official how-to-apply page	2026-08-15
Cornell (Graduate School / CS MEng)	ApplyWeb (CollegeNET)	Application form — Test Scores	English Language Proficiency	english_test_report_upload	file	全体申请人须满足英语要求,可能须交 TOEFL 或 IELTS;具体门槛见 ELP 专页	条件必填(按 ELP 规则)	https://gradschool.cornell.edu/admissions/application-steps/required-tests/	official how-to-apply page	2026-08-15
Cornell (Graduate School / CS MEng)	ApplyWeb (CollegeNET)	Submission	application fee	application_fee_payment	radio	$105,不可退,须电子支付。🔴 **付费或提交免费申请是提交流程的最后一步,一旦付费或提交了 waiver 申请就再也不能修改申请内容**(you will not be able to make changes to your application)——这是八校中对「提交即冻结」写得最死的一条	必填(除非获免)	https://gradschool.cornell.edu/admissions/application-steps/pay-fees/	official how-to-apply page	2026-08-15
Cornell (Graduate School / CS MEng)	ApplyWeb (CollegeNET)	Submission	fee waiver request	application_fee_waiver	textarea	免申请费须在申请内的 payment page 填 waiver request form;financial hardship 类须**在表内文本框直接打字**写一段 brief but well-reasoned explanation,可援引失业/低就业、FAFSA 的 EFC、本国经济状况等。🌟 须在申请截止前**至少 3 个工作日**提交,否则来不及走审批	条件必填(申请免费时)	https://gradschool.cornell.edu/admissions/application-steps/pay-fees/	official how-to-apply page	2026-08-15
UIUC (Graduate College)	Slate (Technolutions)	申请 portal (pre-login)	Application Management	platform_evidence	text	抓取到的 portal 页 title 为 Application Management(Slate 申请人门户的标准标题);HTML 资源域 choose-illinois-edu.cdn.technolutions.net 与 slate-technolutions-net.cdn.technolutions.net,technolutions 出现 12 次。与 Columbia SEAS 同平台不同实例	不适用	https://grad.illinois.edu/admissions/apply	live public form	2026-08-15
UIUC (Graduate College)	Slate (Technolutions)	Application form — Program	Primary Program / Secondary Program	course_preference_1	dropdown	🌟 申请联合学位须交**两份**独立的在线申请:一份以 Program A 为 Primary、另一份以 Program B 为 Primary。原因写明 Each application has program-specific application questions and upload requirements —— 即**题目与上传要求随项目变**,同一份申请无法覆盖两个项目	必填	https://grad.illinois.edu/admissions/instructions/completing-application	official how-to-apply page	2026-08-15
UIUC (Graduate College)	Slate (Technolutions)	Application form — Transcripts	upload your transcripts for each institution you have attended	transcript_upload	file	🌟 扫描规格是八校中最具体的:Please obtain an electronic version or scan a copy of the credentials **at the lowest resolution that results in a legible document (we recommend using under 200 dpi whenever possible)**;Scanning in gray scale or black and white may produce the best results;文件须存为 **PDF 或 Word 文档**。⚠️ 与其他学校「越清晰越好」的直觉相反——UIUC 明确要求**尽量低分辨率**	必填(逐所院校)	https://grad.illinois.edu/admissions/instructions/completing-application	official how-to-apply page	2026-08-15
UIUC (Graduate College)	Slate (Technolutions)	Application form — Transcripts	The uploaded document must include your name and the institution name	upload_content_identification	file	上传件本身须包含**申请人姓名与院校名称**(内容层面的标识要求,不是文件名要求)	必填(上传规格)	https://grad.illinois.edu/admissions/instructions/completing-application	official how-to-apply page	2026-08-15
UIUC (Graduate College)	Slate (Technolutions)	Application form — Transcripts	transcript legend or university key	transcript_legend_upload	file	🌟 每所院校都须另附成绩单的评分说明/学校钥匙(back page in most cases)。对照 Leeds 的 grading scale、曼大的 University Grading Scale——三校同一诉求三种叫法	必填(逐所院校)	https://grad.illinois.edu/admissions/instructions/completing-application	official how-to-apply page	2026-08-15
UIUC (Graduate College)	Slate (Technolutions)	Application form — Transcripts	diploma or certificate of degree	degree_certificate_upload	file	仅当学位已授予但成绩单上未载明学位信息时才需另传	条件必填(成绩单未载明学位时)	https://grad.illinois.edu/admissions/instructions/completing-application	official how-to-apply page	2026-08-15
UIUC (Graduate College)	Slate (Technolutions)	Application form — Transcripts	English translations	transcript_translation_upload	file	材料非英文时须另传英文翻译;公开页未指定翻译须由何方出具(比 UCL/Cornell 都松),未确认	条件必填(材料非英文时)	https://grad.illinois.edu/admissions/instructions/completing-application	official how-to-apply page	2026-08-15
UIUC (Graduate College)	Slate (Technolutions)	Application form — Transcripts	view document button	upload_legibility_self_check	radio	🌟 上传后系统提供 view document 按钮供申请人自查是否清晰可读,不清晰须重传;并提供多个上传按钮以便逐份追加	不适用(系统功能)	https://grad.illinois.edu/admissions/instructions/completing-application	official how-to-apply page	2026-08-15
UIUC (Graduate College)	Slate (Technolutions)	录取后	official credentials	official_transcript_post_admit	file	All credentials uploaded to the online application are considered **unofficial**;官方件只在**被录取后**才要,且须在**在 UIUC 就读的第一学期内**提交	条件必填(录取后第一学期内)	https://grad.illinois.edu/admissions/instructions/completing-application	official how-to-apply page	2026-08-15
UIUC (Graduate College)	Slate (Technolutions)	Application form — Statements	academic statement	academic_statement	textarea	全体申请人须交;🌟 字数上限**由所申项目自行设定,范围 500–1000 词**。即同一所学校内部不同项目上限不同——产品须按项目而非按学校存该上限	必填	https://grad.illinois.edu/admissions/instructions/completing-application	official how-to-apply page	2026-08-15
UIUC (Graduate College)	Slate (Technolutions)	Application form — Statements	short-answer personal statement essay questions	personal_statement	textarea	🌟 与其他七校完全不同的形态:不是一篇长文,而是**一组短答题**,**每题上限 250 词**。第 1-2 题全体必答,第 3-4 题选答(明示 your response is voluntary and not answering these questions will not affect your admissions decision)。⚠️ 一份为 Columbia 写的 250-1000 词长文**无法直接投**到这里	必填(第1-2题);选填(第3-4题)	https://grad.illinois.edu/admissions/instructions/completing-application	official how-to-apply page	2026-08-15
UIUC (Graduate College)	Slate (Technolutions)	Application form — Resume	Resume / Curriculum Vitae	cv_upload	file	Most graduate programs require a resume or curriculum vitae	条件必填(多数项目)	https://grad.illinois.edu/admissions/instructions/completing-application	official how-to-apply page	2026-08-15
UIUC (Graduate College)	Slate (Technolutions)	Application form — References	letters of reference	referee_details	repeatable-group	多数项目要 3 封,具体数量须问所申项目。推荐人应为 employers, supervisors, professors 或能评价申请人职业与学业目标潜力者;🌟 明文排除 no friends or relatives please	必填(多数项目 3 封)	https://grad.illinois.edu/admissions/instructions/completing-application	official how-to-apply page	2026-08-15
UIUC (Graduate College)	Slate (Technolutions)	Application form — References	(发信与提交的先后关系)	referee_invite_trigger	radio	🌟 八校中唯一把这层关系写清楚的:推荐人信息 The application will require this information **prior to allowing you to submit** your online application —— 不填推荐人信息就无法提交;但 you do not need to wait for your recommenders to submit their letters before you submit,官方还主动建议 You can and should submit your online application prior to your recommenders submitting their letters。推荐人经 online recommendation system 提交	必填(提交前必须填妥推荐人信息)	https://grad.illinois.edu/admissions/instructions/completing-application	official how-to-apply page	2026-08-15
UIUC (Graduate College)	Slate (Technolutions)	Application form — References	import these recommendations to this application	reference_import_previous	radio	🔴 极重要的红线相邻功能:若此前向其他项目/学期投过申请,**可把旧推荐信导入本次申请**。官方两条硬约束——(1) you must obtain **explicit permission from the letter writer** to use their letter for this application;(2) 若希望推荐人重写新信则**不要导入**,因为导入后**推荐人不会收到新的请求**。⚠️ AI 若代为勾选导入,等于在未取得推荐人明示同意的情况下复用其署名文件	选填(须取得推荐人明示许可)	https://grad.illinois.edu/admissions/instructions/completing-application	official how-to-apply page	2026-08-15
UIUC (Graduate College)	Slate (Technolutions)	Application form — References	waive your right to view these letters	ferpa_waiver_checkbox	checkbox	🌟 逐条推荐记录各问一次是否放弃查阅权(FERPA 1974)。放弃则该信保密。查阅权只对**被录取并实际入读**者生效。⚠️ 改主意的唯一办法:**把原推荐人记录 exclude 掉,再新增一条信息完全相同但 waiver 答案不同的记录**——这会重新走一次发信流程	选填(但改动代价高)	https://grad.illinois.edu/admissions/instructions/completing-application	official how-to-apply page	2026-08-15
UIUC (Graduate College)	Slate (Technolutions)	Application form — References	Add Recommender / exclude / Reinstate	reference_edit_controls	radio	登录回申请即可增删推荐人。🌟 **只有在推荐信尚未提交前**才能 exclude;被 exclude 的推荐人可在 References 页点其姓名后用灰色 Reinstate 按钮恢复。这是八校中对推荐人字段可编辑性描述最完整的一处	不适用(系统功能)	https://grad.illinois.edu/admissions/instructions/completing-application	official how-to-apply page	2026-08-15
UIUC (Graduate College)	Slate (Technolutions)	Application form — Test Scores	GRE / GMAT / TOEFL / IELTS / Duolingo	test_scores_self_reported	text	在 Test Scores 区自行填报已考的相关成绩(GRE、GMAT 及英语类 TOEFL / IELTS / Duolingo)	条件必填(按项目)	https://grad.illinois.edu/admissions/instructions/completing-application	official how-to-apply page	2026-08-15
UIUC (Graduate College)	Slate (Technolutions)	Application form — Citizenship	Permanent Resident Card (Green Card)	us_status_document_upload	file	美国合法永久居民须直接在在线申请中上传绿卡复印件;asylee / refugee / parolee 身份者须上传相应身份文件。⚠️ 美国特有的身份类上传件,英澳无对应	条件必填(美国 LPR / 庇护 / 难民 / 假释入境者)	https://grad.illinois.edu/admissions/instructions/completing-application	official how-to-apply page	2026-08-15
UIUC (Graduate College)	Slate (Technolutions)	Submission	application fee	application_fee_payment	radio	🔴 缴费顺序与其他校相反:**先提交申请,再付费**——Once you have submitted your application, you will be required to pay your application fee by credit card。且 The fee must be paid **prior to your program's deadline, or your application will be unsubmitted** —— 逾期未付会被**退回未提交状态**。金额 $90(国内与国际同价,2026 春季起;2025 秋季国内价为 $70),不可退,未付费前不进入评审。对照:Cornell/曼大都是**付费才能提交**	必填	https://grad.illinois.edu/admissions/instructions/completing-application	official how-to-apply page	2026-08-15
UIUC (Graduate College)	Slate (Technolutions)	Submission	application fee waiver	application_fee_waiver	radio	仅**国内**申请人可免:UIUC 在职员工(限 Civil Service / Academic Professionals / Faculty,不含 Academic Hourly 与学生雇员)、I-Promise Scholars、SROP 参与者、McNair Scholars、美国现役或退役军人、allied agencies 关联者。🌟 后几类须在该页**上传证明文件,且必须在提交申请之前传好**。国际申请人**不可免**,除非来自有获批免费条款的交换协议	条件必填(符合免费资格时)	https://grad.illinois.edu/admissions/instructions/completing-application	official how-to-apply page	2026-08-15
Columbia SEAS	Slate (Technolutions)	Application form — Publications	provide a professor or advisor's email who can confirm your involvement	publication_verifier_email	text	⚠️ 本申请里**第二个第三方邮箱字段**(第一个是推荐人邮箱)。上传 publication 时须同时描述本人贡献并填一位可证实其参与的教授/导师邮箱。是否触发系统向该邮箱发信 **未确认**(登录墙后),但性质上与推荐人邮箱同属红线邻域,应一并列入 AI 不得代填的第三方联系人字段	条件必填(提交 publication 时)	https://www.engineering.columbia.edu/admissions-aid/graduate-admissions/how-apply/application-requirements	official how-to-apply page	2026-08-15
